latitude,longitude,brightness,scan,track,acq_date,acq_time,satellite,instrument,confidence,version,bright_t31,frp,daynight,type
-21.0982,-63.758,314.2,3.3,1.7,2000-11-01,0234,Terra,MODIS,89,6.2,293.1,63.4,N,2
-21.0873,-63.763,309.2,3.3,1.7,2000-11-01,0234,Terra,MODIS,77,6.2,292.7,44.1,N,0
-19.5143,-63.5268,301.2,3.1,1.7,2000-11-01,0234,Terra,MODIS,39,6.2,290.3,18.1,N,0
-19.5171,-63.5559,301.2,3.1,1.7,2000-11-01,0234,Terra,MODIS,38,6.2,290.2,18.2,N,0
-19.5155,-63.5333,306.6,3.1,1.7,2000-11-01,0234,Terra,MODIS,68,6.2,290.3,33.5,N,0
-17.442,-60.5133,309,1.7,1.3,2000-11-01,0235,Terra,MODIS,76,6.2,292.3,15.4,N,0
-17.4305,-60.5148,311,1.7,1.3,2000-11-01,0235,Terra,MODIS,81,6.2,292.3,17.8,N,0
-17.3474,-61.6937,309.3,2.1,1.4,2000-11-01,0235,Terra,MODIS,77,6.2,292.5,20.4,N,0
-17.2997,-62.4621,311.6,2.4,1.5,2000-11-01,0235,Terra,MODIS,83,6.2,291.8,30.5,N,0
-17.3045,-62.4669,308.1,2.4,1.5,2000-11-01,0235,Terra,MODIS,73,6.2,291.8,23.5,N,0
-17.2368,-62.3418,321.6,2.3,1.5,2000-11-01,0235,Terra,MODIS,100,6.2,292.4,59.8,N,0
-17.2392,-62.3635,314,2.3,1.5,2000-11-01,0235,Terra,MODIS,88,6.2,292.2,36.8,N,0
-17.2213,-62.3218,315.4,2.3,1.5,2000-11-01,0235,Terra,MODIS,91,6.2,292.3,41.1,N,0
-17.2236,-62.3434,303.8,2.3,1.5,2000-11-01,0235,Terra,MODIS,57,6.2,292.1,13.4,N,0
-17.2225,-62.3064,305.4,2.3,1.5,2000-11-01,0235,Terra,MODIS,64,6.2,292,15.8,N,0
-17.2249,-62.3279,313.6,2.3,1.5,2000-11-01,0235,Terra,MODIS,87,6.2,292.2,34.5,N,0
-17.2274,-62.3495,326.9,2.3,1.5,2000-11-01,0235,Terra,MODIS,100,6.2,292.3,78.2,N,0
-17.2468,-62.6397,304.4,2.4,1.5,2000-11-01,0235,Terra,MODIS,60,6.2,291.9,16.2,N,0
-16.9055,-63.0295,303.8,2.6,1.5,2000-11-01,0235,Terra,MODIS,57,6.2,290.7,18.7,N,0
-16.9139,-63.0352,303.9,2.6,1.5,2000-11-01,0235,Terra,MODIS,57,6.2,290.7,19.4,N,0
-16.9171,-64.0498,304.8,3.1,1.7,2000-11-01,0235,Terra,MODIS,41,6.2,290.1,22.9,N,0
-16.9154,-64.0259,302.6,3.1,1.7,2000-11-01,0235,Terra,MODIS,50,6.2,290.3,18.1,N,0
-16.2678,-60.9049,309.8,1.7,1.3,2000-11-01,0235,Terra,MODIS,78,6.2,285.6,19.8,N,0
-16.2006,-63.6757,317.3,2.8,1.6,2000-11-01,0235,Terra,MODIS,95,6.2,290.7,65.6,N,0
-16.1956,-63.655,304.1,2.8,1.6,2000-11-01,0235,Terra,MODIS,58,6.2,290.7,21.6,N,0
-16.1985,-63.6813,314.3,2.8,1.6,2000-11-01,0235,Terra,MODIS,89,6.2,290.7,54.5,N,0
-14.4757,-63.9087,303.1,2.8,1.6,2000-11-01,0236,Terra,MODIS,47,6.2,287.8,18.4,N,0
-14.1245,-65.9681,302.8,4,1.9,2000-11-01,0236,Terra,MODIS,44,6.2,287.7,30,N,0
-14.1079,-65.9699,309.5,4,1.9,2000-11-01,0236,Terra,MODIS,78,6.2,288.5,61.3,N,0
-12.4847,-66.8836,319.4,1,1,2000-11-01,1504,Terra,MODIS,25,6.2,295.5,9.7,D,0
-14.0333,-64.669,318.5,1.2,1.1,2000-11-01,1505,Terra,MODIS,53,6.2,295.8,11.9,D,0
-13.8298,-66.2922,323.8,1,1,2000-11-01,1505,Terra,MODIS,34,6.2,293.7,9.9,D,0
-13.8312,-66.2827,325.9,1,1,2000-11-01,1505,Terra,MODIS,41,6.2,296.1,12.4,D,0
-14.4846,-63.8866,324.1,1.4,1.2,2000-11-01,1505,Terra,MODIS,45,6.2,290.2,22.2,D,0
-14.6682,-65.8951,316,1.1,1,2000-11-01,1505,Terra,MODIS,65,6.2,287.5,8.6,D,0
-14.7167,-66.4542,309.2,1,1,2000-11-01,1505,Terra,MODIS,39,6.2,281.7,6.4,D,0
-15.2409,-63.9129,316.7,1.4,1.2,2000-11-01,1505,Terra,MODIS,71,6.2,294.8,13.1,D,0
-15.164,-64.6657,320.6,1.3,1.1,2000-11-01,1505,Terra,MODIS,46,6.2,292.6,11.6,D,0
-15.1656,-64.6541,326.4,1.3,1.1,2000-11-01,1505,Terra,MODIS,81,6.2,295,20.4,D,0
-15.174,-64.6671,322.2,1.3,1.1,2000-11-01,1505,Terra,MODIS,71,6.2,293.5,14.1,D,0
-15.3187,-64.0212,319.2,1.4,1.2,2000-11-01,1505,Terra,MODIS,29,6.2,297.3,19.4,D,0
-15.4938,-63.6189,312.9,1.5,1.2,2000-11-01,1505,Terra,MODIS,0,6.2,292.3,12.8,D,0
-15.251,-65.5985,321.3,1.1,1.1,2000-11-01,1505,Terra,MODIS,46,6.2,290.6,8.7,D,0
-15.8527,-63.2198,313.1,1.6,1.2,2000-11-01,1505,Terra,MODIS,54,6.2,286.6,15.7,D,0
-15.6445,-64.8803,319.5,1.2,1.1,2000-11-01,1505,Terra,MODIS,31,6.2,294.8,12.8,D,0
-15.9571,-64.4453,315,1.3,1.1,2000-11-01,1505,Terra,MODIS,28,6.2,292,11.4,D,0
-16.0097,-64.5827,315.4,1.3,1.1,2000-11-01,1505,Terra,MODIS,47,6.2,294.5,11.3,D,0
-15.9769,-65.3691,314.5,1.2,1.1,2000-11-01,1505,Terra,MODIS,67,6.2,283.3,13.1,D,0
-16.0895,-64.5131,315.4,1.3,1.1,2000-11-01,1505,Terra,MODIS,46,6.2,294.8,10.7,D,0
-16.1452,-64.4073,311.7,1.3,1.1,2000-11-01,1505,Terra,MODIS,32,6.2,290.2,8.4,D,0
-16.7299,-63.6973,312.7,1.5,1.2,2000-11-01,1505,Terra,MODIS,30,6.2,290.3,12.6,D,0
-16.9151,-64.0307,316.9,1.5,1.2,2000-11-01,1505,Terra,MODIS,47,6.2,293.4,13.8,D,0
-16.9754,-63.7482,315.9,1.5,1.2,2000-11-01,1505,Terra,MODIS,63,6.2,291.5,15,D,0
-17.5732,-62.0566,338.7,2.1,1.4,2000-11-01,1505,Terra,MODIS,68,6.2,289.2,102.4,D,0
-18.1106,-63.3242,311.5,1.7,1.3,2000-11-01,1506,Terra,MODIS,46,6.2,290.6,11.6,D,0
-18.5841,-63.4533,318.9,1.7,1.3,2000-11-01,1506,Terra,MODIS,66,6.2,299.6,20.2,D,0
-18.5955,-63.4549,336.3,1.7,1.3,2000-11-01,1506,Terra,MODIS,87,6.2,300.7,64.1,D,0
-18.607,-63.4566,329.5,1.7,1.3,2000-11-01,1506,Terra,MODIS,81,6.2,298.4,43.7,D,0
-18.8447,-63.758,316.4,1.6,1.2,2000-11-01,1506,Terra,MODIS,35,6.2,298.2,13.9,D,0
-18.8464,-63.7435,316.8,1.6,1.3,2000-11-01,1506,Terra,MODIS,41,6.2,297.4,15.6,D,0
-18.9156,-64.1105,317.7,1.5,1.2,2000-11-01,1506,Terra,MODIS,35,6.2,299.9,14.2,D,0
-19.5205,-63.5382,320.6,1.7,1.3,2000-11-01,1506,Terra,MODIS,61,6.2,301.7,18.4,D,0
-19.5225,-63.5216,318,1.7,1.3,2000-11-01,1506,Terra,MODIS,47,6.2,302,12.2,D,0
-19.7359,-63.0412,323.6,1.9,1.3,2000-11-01,1506,Terra,MODIS,48,6.2,300.6,23.7,D,0
-20.6597,-64.1178,322.8,1.6,1.2,2000-11-01,1506,Terra,MODIS,42,6.2,310.3,17.2,D,0
-21.091,-63.7551,329.8,1.7,1.3,2000-11-01,1506,Terra,MODIS,76,6.2,312.3,23.7,D,2
-21.1004,-63.7451,326.5,1.7,1.3,2000-11-01,1507,Terra,MODIS,71,6.2,312.3,17.1,D,2
-21.4176,-63.5637,328.5,1.8,1.3,2000-11-01,1507,Terra,MODIS,59,6.2,307.1,37.6,D,0
-21.7048,-63.5452,324,1.8,1.3,2000-11-01,1507,Terra,MODIS,59,6.2,308.9,19,D,0
-21.7427,-63.5317,327.5,1.8,1.3,2000-11-01,1507,Terra,MODIS,57,6.2,311,26.8,D,0
-17.4237,-58.2653,301.1,2.7,1.6,2000-11-02,0317,Terra,MODIS,23,6.2,285.8,13.9,N,0
-18.0706,-62.5873,310.5,1.3,1.1,2000-11-02,0317,Terra,MODIS,80,6.2,292.5,12.6,N,0
-18.1147,-63.3166,301.2,1.2,1.1,2000-11-02,0317,Terra,MODIS,38,6.2,288.3,4.5,N,0
-17.8036,-61.528,309.7,1.5,1.2,2000-11-02,0317,Terra,MODIS,78,6.2,290.7,13.5,N,0
-17.806,-61.5424,312.2,1.5,1.2,2000-11-02,0317,Terra,MODIS,84,6.2,291.3,16.6,N,0
-17.5036,-60.5266,315,1.8,1.3,2000-11-02,0318,Terra,MODIS,90,6.2,293,25.6,N,0
-17.4953,-60.5172,307.5,1.8,1.3,2000-11-02,0318,Terra,MODIS,71,6.2,292.6,14,N,0
-17.4982,-60.5343,307.8,1.8,1.3,2000-11-02,0318,Terra,MODIS,72,6.2,292.7,14.6,N,0
-17.4152,-60.4797,307.1,1.9,1.3,2000-11-02,0318,Terra,MODIS,70,6.2,292.2,12.8,N,0
-17.7541,-62.5363,307.2,1.3,1.1,2000-11-02,0318,Terra,MODIS,67,6.2,287.2,9.4,N,0
-17.62,-61.6828,303.5,1.5,1.2,2000-11-02,0318,Terra,MODIS,55,6.2,288.6,6.4,N,0
-17.3468,-61.6872,317.7,1.5,1.2,2000-11-02,0318,Terra,MODIS,96,6.2,291.1,25.7,N,0
-17.3492,-61.7014,323.5,1.5,1.2,2000-11-02,0318,Terra,MODIS,100,6.2,291.9,36.1,N,0
-17.3455,-61.6938,328.7,1.5,1.2,2000-11-02,0318,Terra,MODIS,100,6.2,291.7,47.3,N,0
-17.3478,-61.7081,307.6,1.5,1.2,2000-11-02,0318,Terra,MODIS,72,6.2,291.8,10.9,N,0
-17.2406,-62.089,314.4,1.4,1.2,2000-11-02,0318,Terra,MODIS,89,6.2,294.5,18.4,N,0
-17.2428,-62.1024,306,1.4,1.2,2000-11-02,0318,Terra,MODIS,67,6.2,294.2,8.3,N,0
-17.2455,-62.3521,342.7,1.4,1.2,2000-11-02,0318,Terra,MODIS,100,6.2,290.6,73.9,N,0
-17.2476,-62.365,348.4,1.4,1.2,2000-11-02,0318,Terra,MODIS,100,6.2,292.7,91.9,N,0
-17.2496,-62.3779,306.5,1.4,1.2,2000-11-02,0318,Terra,MODIS,65,6.2,290.7,8.4,N,0
-17.1902,-62.0768,316.4,1.4,1.2,2000-11-02,0318,Terra,MODIS,93,6.2,294.2,21.4,N,0
-17.2309,-62.3281,305.9,1.4,1.2,2000-11-02,0318,Terra,MODIS,21,6.2,286.9,7.6,N,0
-17.233,-62.3411,326.6,1.4,1.2,2000-11-02,0318,Terra,MODIS,100,6.2,289.1,37.1,N,0
-17.2184,-62.317,331.1,1.4,1.2,2000-11-02,0318,Terra,MODIS,100,6.2,287.5,46.6,N,0
-17.2205,-62.33,315,1.4,1.2,2000-11-02,0318,Terra,MODIS,90,6.2,287.5,18.1,N,0
-17.2079,-62.3189,333.1,1.4,1.2,2000-11-02,0318,Terra,MODIS,100,6.2,287,50.9,N,0
-17.21,-62.3319,331.2,1.4,1.2,2000-11-02,0318,Terra,MODIS,100,6.2,287.8,45.9,N,0
-16.9964,-63.4916,302.9,1.2,1.1,2000-11-02,0318,Terra,MODIS,50,6.2,287.6,5.3,N,0
-16.4681,-63.5848,306.4,1.2,1.1,2000-11-02,0318,Terra,MODIS,68,6.2,291,7.6,N,0
-16.003,-64.1472,303.6,1.1,1.1,2000-11-02,0318,Terra,MODIS,56,6.2,290.5,4.5,N,0
-16.0046,-64.1578,316.7,1.1,1.1,2000-11-02,0318,Terra,MODIS,94,6.2,291.5,16,N,0
-15.927,-64.1875,313.5,1.1,1.1,2000-11-02,0318,Terra,MODIS,87,6.2,293.3,12.1,N,0
-15.7596,-65.1421,307.5,1.1,1,2000-11-02,0318,Terra,MODIS,72,6.2,293.7,6.1,N,0
-15.7087,-64.9897,309,1.1,1,2000-11-02,0318,Terra,MODIS,62,6.2,293.8,7.1,N,0
-15.6995,-64.9912,319.5,1.1,1,2000-11-02,0318,Terra,MODIS,87,6.2,294.4,15.6,N,0
-15.6888,-64.9828,335.5,1.1,1,2000-11-02,0318,Terra,MODIS,100,6.2,296.7,36.3,N,0
-15.6903,-64.9927,323.6,1.1,1,2000-11-02,0318,Terra,MODIS,95,6.2,294.4,19.7,N,0
-15.6766,-64.9646,311.3,1.1,1,2000-11-02,0318,Terra,MODIS,20,6.2,293.6,8,N,0
-15.6796,-64.9843,323.5,1.1,1,2000-11-02,0318,Terra,MODIS,100,6.2,294.7,20.2,N,0
-15.681,-64.9942,311.1,1.1,1,2000-11-02,0318,Terra,MODIS,45,6.2,293.1,8.1,N,0
-14.9837,-65.7542,305.4,1,1,2000-11-02,0318,Terra,MODIS,64,6.2,293.1,4.7,N,0
-14.7262,-65.8806,311.6,1,1,2000-11-02,0318,Terra,MODIS,83,6.2,292.7,9.1,N,0
-14.7171,-65.882,307.4,1,1,2000-11-02,0318,Terra,MODIS,71,6.2,292.8,6.4,N,0
-14.1381,-65.9521,321.7,1,1,2000-11-02,0319,Terra,MODIS,100,6.2,276.6,21.3,N,0
-14.1395,-65.9616,322.6,1,1,2000-11-02,0319,Terra,MODIS,100,6.2,273.6,22.7,N,0
-14.1293,-65.9502,324.4,1,1,2000-11-02,0319,Terra,MODIS,100,6.2,278.8,24.6,N,0
-14.1306,-65.9596,343.6,1,1,2000-11-02,0319,Terra,MODIS,100,6.2,280.2,52.5,N,0
-14.132,-65.969,311.5,1,1,2000-11-02,0319,Terra,MODIS,64,6.2,273.2,12.3,N,0
-14.1202,-65.9516,321,1,1,2000-11-02,0319,Terra,MODIS,96,6.2,281.2,20.5,N,0
-14.1216,-65.9611,343,1,1,2000-11-02,0319,Terra,MODIS,100,6.2,282.4,50.8,N,0
-14.1229,-65.9705,328.6,1,1,2000-11-02,0319,Terra,MODIS,100,6.2,279.4,28.6,N,0
-14.1125,-65.9625,313.7,1,1,2000-11-02,0319,Terra,MODIS,71,6.2,279.2,12.8,N,0
-14.1139,-65.9719,334.6,1,1,2000-11-02,0319,Terra,MODIS,100,6.2,280.4,36.4,N,0
-14.1048,-65.9733,301.3,1,1,2000-11-02,0319,Terra,MODIS,23,6.2,278,4.8,N,0
-14.3601,-65.6811,305.3,1.1,1,2000-11-04,0306,Terra,MODIS,64,6.2,286.3,7.9,N,0
-14.1397,-65.9489,326.7,1.1,1.1,2000-11-04,0306,Terra,MODIS,100,6.2,291.8,28.4,N,0
-14.1411,-65.9592,313.6,1.1,1.1,2000-11-04,0306,Terra,MODIS,68,6.2,289.2,13.7,N,0
-14.1303,-65.9502,312.4,1.1,1.1,2000-11-04,0306,Terra,MODIS,64,6.2,289.7,12.4,N,0
-14.1317,-65.9605,306.9,1.1,1.1,2000-11-04,0306,Terra,MODIS,24,6.2,287.9,8.1,N,0
-14.1222,-65.9619,305.1,1.1,1.1,2000-11-04,0306,Terra,MODIS,28,6.2,287.5,7,N,0
-21.098,-63.7408,315.1,4.7,2,2000-11-04,1359,Terra,MODIS,64,6.2,290.2,58.7,D,2
-21.0954,-63.7472,316.3,4.7,2,2000-11-04,1359,Terra,MODIS,67,6.2,291.1,70.1,D,2
-14.7345,-66.2533,306.9,3.5,1.8,2000-11-04,1536,Terra,MODIS,34,6.2,275.6,28.9,D,0
-13.5026,-62.9226,333.4,1.1,1,2000-11-05,1440,Terra,MODIS,84,6.2,305,22.6,D,0
-14.3354,-63.7784,324.1,1.1,1.1,2000-11-05,1440,Terra,MODIS,46,6.2,299.8,14.4,D,0
-14.4669,-63.903,322.4,1.2,1.1,2000-11-05,1440,Terra,MODIS,28,6.2,298.4,14.2,D,0
-14.2829,-66.0029,324.1,1.6,1.2,2000-11-05,1440,Terra,MODIS,55,6.2,299,22.9,D,0
-14.802,-65.8518,322.2,1.5,1.2,2000-11-05,1441,Terra,MODIS,43,6.2,299.8,19.6,D,0
-14.8598,-65.6603,326.9,1.4,1.2,2000-11-05,1441,Terra,MODIS,79,6.2,299,26.3,D,0
-14.9172,-65.643,320.4,1.4,1.2,2000-11-05,1441,Terra,MODIS,40,6.2,298.6,12.3,D,0
-14.9042,-66.2145,320.8,1.6,1.2,2000-11-05,1441,Terra,MODIS,46,6.2,297.9,20.1,D,0
-15.8957,-64.195,326.2,1.1,1.1,2000-11-05,1441,Terra,MODIS,37,6.2,304.2,16.5,D,0
-15.9498,-64.5159,319.5,1.2,1.1,2000-11-05,1441,Terra,MODIS,24,6.2,299.6,12.2,D,0
-16.0923,-64.5126,320.1,1.2,1.1,2000-11-05,1441,Terra,MODIS,23,6.2,300.6,10.6,D,0
-17.6768,-62.6051,326,1,1,2000-11-05,1441,Terra,MODIS,73,6.2,298.4,14,D,0
-17.8822,-62.0866,321.1,1,1,2000-11-05,1441,Terra,MODIS,29,6.2,300.7,6.7,D,0
-18.2321,-62.0217,323.5,1,1,2000-11-05,1441,Terra,MODIS,59,6.2,305.9,11.2,D,0
-18.3634,-63.961,331,1.1,1,2000-11-05,1441,Terra,MODIS,62,6.2,307,18,D,0
-18.7245,-63.2919,322.3,1,1,2000-11-05,1441,Terra,MODIS,64,6.2,303.4,8.2,D,0
-18.7259,-63.2823,324.1,1,1,2000-11-05,1441,Terra,MODIS,69,6.2,304.2,10.4,D,0
-18.7683,-63.3089,326.5,1,1,2000-11-05,1441,Terra,MODIS,51,6.2,307.6,9.3,D,0
-18.7697,-63.2993,327.3,1,1,2000-11-05,1441,Terra,MODIS,60,6.2,306.1,10.4,D,0
-19.2533,-63.1455,327.6,1,1,2000-11-05,1442,Terra,MODIS,77,6.2,303.3,14.9,D,0
-19.2802,-64.5786,338.7,1.1,1,2000-11-05,1442,Terra,MODIS,86,6.2,303,33.1,D,0
-19.7801,-63.1322,327.9,1,1,2000-11-05,1442,Terra,MODIS,67,6.2,301.8,15.2,D,0
-20.49,-64.3432,322.3,1.1,1,2000-11-05,1442,Terra,MODIS,52,6.2,301.9,11.3,D,0
-21.0948,-63.7592,312.1,1,1,2000-11-05,1442,Terra,MODIS,55,6.2,278.9,8,D,2
-21.0962,-63.7497,321,1,1,2000-11-05,1442,Terra,MODIS,74,6.2,281.4,15.8,D,2
-17.69,-62.9057,301.5,1.2,1.1,2000-11-06,0253,Terra,MODIS,17,6.2,283.9,6.3,N,0
-17.3054,-62.4551,310.2,1.1,1.1,2000-11-06,0253,Terra,MODIS,79,6.2,291.9,10.9,N,0
-17.3068,-62.4658,304.6,1.1,1.1,2000-11-06,0253,Terra,MODIS,61,6.2,291.6,6.6,N,0
-17.2281,-62.3418,308.7,1.1,1.1,2000-11-06,0253,Terra,MODIS,75,6.2,293.5,8.6,N,0
-16.7323,-60.2705,302.7,1,1,2000-11-06,0253,Terra,MODIS,51,6.2,288.8,4.9,N,0
-16.7234,-60.2719,313.2,1,1,2000-11-06,0253,Terra,MODIS,87,6.2,289.2,11.6,N,0
-16.7247,-60.2812,321.8,1,1,2000-11-06,0253,Terra,MODIS,100,6.2,290.3,19.1,N,0
-15.0147,-66.273,300.5,1.9,1.3,2000-11-06,0254,Terra,MODIS,15,6.2,284.6,17.1,N,0
-14.1438,-65.9475,334.2,1.7,1.3,2000-11-06,0254,Terra,MODIS,100,6.2,295,73.2,N,0
-14.1457,-65.9635,314.8,1.7,1.3,2000-11-06,0254,Terra,MODIS,90,6.2,290.4,25.6,N,0
-14.134,-65.939,308.9,1.7,1.3,2000-11-06,0254,Terra,MODIS,45,6.2,291.3,15.7,N,0
-14.136,-65.9549,304.5,1.7,1.3,2000-11-06,0254,Terra,MODIS,10,6.2,288.6,9.9,N,0
-13.3835,-63.8515,313.6,3,1.6,2000-11-06,1523,Terra,MODIS,51,6.2,291.4,21.6,D,0
-13.3865,-63.8295,315.2,3,1.6,2000-11-06,1523,Terra,MODIS,23,6.2,291.8,27.9,D,0
-14.057,-66.0427,335.1,2.1,1.4,2000-11-06,1523,Terra,MODIS,57,6.2,281.4,71.9,D,0
-15.9849,-63.6614,317.4,3.4,1.7,2000-11-06,1524,Terra,MODIS,50,6.2,290.9,60.7,D,0
-15.9884,-63.6301,315.8,3.4,1.7,2000-11-06,1524,Terra,MODIS,36,6.2,290.8,49.3,D,0
-15.9956,-63.6682,318.4,3.4,1.7,2000-11-06,1524,Terra,MODIS,69,6.2,290.7,69.8,D,0
-15.9989,-63.6368,328.3,3.4,1.7,2000-11-06,1524,Terra,MODIS,81,6.2,290.9,131.1,D,0
-19.7835,-62.9464,314.5,2.4,1.5,2000-11-07,0335,Terra,MODIS,89,6.2,286.1,57.5,N,0
-14.0509,-66.0533,326.4,2.7,1.6,2000-11-07,1428,Terra,MODIS,56,6.2,292.9,54.5,D,0
-14.0649,-66.0559,323.7,2.7,1.6,2000-11-07,1428,Terra,MODIS,40,6.2,291.9,43.9,D,0
-14.0693,-66.0314,325,2.7,1.6,2000-11-07,1428,Terra,MODIS,43,6.2,290.6,51,D,0
-14.079,-66.0585,327.6,2.7,1.6,2000-11-07,1428,Terra,MODIS,52,6.2,291,64.8,D,0
-15.6419,-63.9548,325.3,1.7,1.3,2000-11-07,1428,Terra,MODIS,79,6.2,298.7,29.6,D,0
-15.6827,-64.951,315.2,2.1,1.4,2000-11-07,1428,Terra,MODIS,60,6.2,292,17,D,0
-17.805,-61.5749,324.7,1.1,1.1,2000-11-07,1429,Terra,MODIS,72,6.2,300.2,13.2,D,0
-17.7256,-62.2672,331.7,1.2,1.1,2000-11-07,1429,Terra,MODIS,51,6.2,308.1,20.3,D,0
-17.7275,-62.2556,331.2,1.2,1.1,2000-11-07,1429,Terra,MODIS,68,6.2,308,18.6,D,0
-17.924,-62.4965,324.9,1.3,1.1,2000-11-07,1429,Terra,MODIS,53,6.2,301.9,12.5,D,0
-18.3186,-63.3956,324.4,1.4,1.2,2000-11-07,1429,Terra,MODIS,72,6.2,304.2,17.8,D,0
-21.0976,-63.7582,333,1.4,1.2,2000-11-07,1430,Terra,MODIS,82,6.2,300.4,31.9,D,2
-21.0997,-63.7458,328.4,1.4,1.2,2000-11-07,1430,Terra,MODIS,77,6.2,301.5,22.8,D,2
-21.5688,-64.4337,322.8,1.5,1.2,2000-11-07,1430,Terra,MODIS,62,6.2,302.6,19.8,D,0
-21.7952,-63.3322,323.4,1.3,1.1,2000-11-07,1430,Terra,MODIS,44,6.2,300.5,14.5,D,0
-21.7972,-63.3202,359.4,1.2,1.1,2000-11-07,1430,Terra,MODIS,99,6.2,299.4,101.9,D,0
-18.5569,-63.2819,303.4,2.2,1.4,2000-11-08,0241,Terra,MODIS,55,6.2,292.7,11.7,N,0
-18.5556,-63.2682,305.4,2.1,1.4,2000-11-08,0241,Terra,MODIS,64,6.2,292.9,16.6,N,0
-17.7864,-61.5559,310.1,1.6,1.2,2000-11-08,0241,Terra,MODIS,79,6.2,294.2,13.9,N,0
-17.7882,-61.5706,304.6,1.6,1.2,2000-11-08,0241,Terra,MODIS,56,6.2,293.8,6.8,N,0
-17.7753,-61.5573,314.4,1.6,1.2,2000-11-08,0241,Terra,MODIS,89,6.2,293.8,20.6,N,0
-17.7771,-61.5721,305,1.6,1.2,2000-11-08,0241,Terra,MODIS,62,6.2,293.6,7.7,N,0
-17.3459,-61.6885,304.6,1.6,1.2,2000-11-08,0241,Terra,MODIS,61,6.2,293.1,7.8,N,0
-17.2919,-61.7106,304.9,1.6,1.2,2000-11-08,0241,Terra,MODIS,45,6.2,293,8.1,N,0
-17.2902,-61.7022,307.2,1.6,1.2,2000-11-08,0241,Terra,MODIS,71,6.2,293,10.8,N,0
-16.7329,-60.2693,314.9,1.3,1.1,2000-11-08,0241,Terra,MODIS,90,6.2,292.9,16.6,N,0
-16.7229,-60.2705,331.8,1.3,1.1,2000-11-08,0241,Terra,MODIS,100,6.2,293.2,41.8,N,0
-16.7244,-60.2822,329.7,1.3,1.1,2000-11-08,0241,Terra,MODIS,100,6.2,293.2,37.9,N,0
-16.7234,-60.9109,320.7,1.4,1.2,2000-11-08,0241,Terra,MODIS,100,6.2,292.8,27.4,N,0
-16.7346,-62.6863,302.6,1.8,1.3,2000-11-08,0241,Terra,MODIS,50,6.2,292,8.3,N,0
-16.3432,-63.2346,308.9,2,1.4,2000-11-08,0241,Terra,MODIS,76,6.2,291.7,19.1,N,0
-16.3308,-63.2362,323,2,1.4,2000-11-08,0241,Terra,MODIS,100,6.2,291.6,51.7,N,0
-16.3329,-63.2547,304.4,2,1.4,2000-11-08,0241,Terra,MODIS,51,6.2,291.2,10.9,N,0
-16.732,-60.2578,303,3.6,1.8,2000-11-08,1511,Terra,MODIS,38,6.2,278,18.5,D,0
-18.8582,-63.7853,317,2.1,1.4,2000-11-08,1512,Terra,MODIS,66,6.2,294.2,28.2,D,0
-18.8583,-63.7913,316.6,2.1,1.4,2000-11-08,1512,Terra,MODIS,63,6.2,293.7,25.8,D,0
-21.092,-63.7557,318.9,2.3,1.5,2000-11-08,1513,Terra,MODIS,64,6.2,294.6,25.9,D,2
-21.7794,-63.3665,325.6,2.5,1.5,2000-11-08,1513,Terra,MODIS,77,6.2,294.5,56,D,0
-21.7818,-63.3422,314.9,2.5,1.5,2000-11-08,1513,Terra,MODIS,33,6.2,292.8,17.1,D,0
-18.4631,-63.3989,313.9,1.4,1.2,2000-11-09,0324,Terra,MODIS,88,6.2,290.7,21.1,N,0
-17.7987,-61.8696,302.5,1.9,1.3,2000-11-09,0324,Terra,MODIS,49,6.2,291.8,9,N,0
-17.5423,-61.5363,304.1,2,1.4,2000-11-09,0324,Terra,MODIS,58,6.2,291.3,12,N,0
-17.5408,-61.5431,303.1,2,1.4,2000-11-09,0324,Terra,MODIS,53,6.2,291,10.2,N,0
-17.5472,-61.5807,303.1,2,1.4,2000-11-09,0324,Terra,MODIS,53,6.2,291.6,10.6,N,0
-13.13,-66.3236,303.2,1.2,1.1,2000-11-09,0325,Terra,MODIS,54,6.2,292.3,5,N,0
-13.1204,-66.3251,314.5,1.2,1.1,2000-11-09,0325,Terra,MODIS,89,6.2,292.2,14.4,N,0
-16.3007,-58.4067,330.1,1.2,1.1,2000-11-09,1416,Terra,MODIS,71,6.2,293.7,23.4,D,0
-17.5315,-61.3047,314.5,1.7,1.3,2000-11-09,1417,Terra,MODIS,41,6.2,283.7,15.6,D,0
-17.7329,-62.2626,314,2,1.4,2000-11-09,1417,Terra,MODIS,33,6.2,287.7,10.8,D,0
-12.16,-66.2769,307.5,1,1,2000-11-10,1458,Terra,MODIS,44,6.2,278.2,5.7,D,0
-21.0963,-63.7604,319.9,1.4,1.2,2000-11-10,1500,Terra,MODIS,73,6.2,291.5,19,D,2
-18.7234,-63.2845,328.6,1,1,2000-11-11,0311,Terra,MODIS,100,6.2,287.5,28.1,N,0
-18.7248,-63.2942,302.4,1,1,2000-11-11,0311,Terra,MODIS,29,6.2,288.3,4.5,N,0
-18.7164,-63.2915,303.5,1,1,2000-11-11,0311,Terra,MODIS,55,6.2,289.3,5.5,N,0
-18.2312,-62.5692,303.7,1.1,1,2000-11-11,0311,Terra,MODIS,56,6.2,287.6,5.7,N,0
-18.2536,-62.9702,322.5,1.1,1,2000-11-11,0311,Terra,MODIS,100,6.2,290.8,21,N,0
-18.2551,-62.9802,305,1.1,1,2000-11-11,0311,Terra,MODIS,63,6.2,290,5.7,N,0
-18.2443,-62.9718,319,1.1,1,2000-11-11,0311,Terra,MODIS,98,6.2,290,17.3,N,0
-18.2458,-62.9817,303.3,1.1,1,2000-11-11,0311,Terra,MODIS,54,6.2,289.7,4.6,N,0
-17.0666,-62.7198,321.2,1.1,1,2000-11-11,0312,Terra,MODIS,100,6.2,291.2,20.5,N,0
-17.0681,-62.7302,325.7,1.1,1,2000-11-11,0312,Terra,MODIS,100,6.2,291.8,26.1,N,0
-17.0587,-62.7318,302.9,1.1,1,2000-11-11,0312,Terra,MODIS,52,6.2,291.2,4.4,N,0
-17.0725,-63.328,342.3,1.1,1,2000-11-11,0312,Terra,MODIS,100,6.2,283.7,52.3,N,0
-17.074,-63.3378,315.2,1.1,1,2000-11-11,0312,Terra,MODIS,91,6.2,283.2,15.4,N,0
-13.7558,-61.7003,328.6,1,1,2000-11-12,1446,Terra,MODIS,82,6.2,289.6,22.4,D,0
-13.2188,-65.6577,322.2,1.2,1.1,2000-11-12,1446,Terra,MODIS,71,6.2,298.8,9.3,D,0
-14.641,-64.438,325.7,1,1,2000-11-12,1447,Terra,MODIS,78,6.2,294.9,16.1,D,0
-16.0695,-61.3974,346.3,1.1,1,2000-11-12,1447,Terra,MODIS,93,6.2,298.7,54.3,D,0
-16.6303,-63.332,328,1,1,2000-11-12,1447,Terra,MODIS,80,6.2,301.4,14.8,D,0
-16.6317,-63.3227,350.8,1,1,2000-11-12,1447,Terra,MODIS,95,6.2,300.6,51.5,D,0
-17.0668,-62.7309,338.3,1,1,2000-11-12,1447,Terra,MODIS,85,6.2,300.8,31.1,D,0
-16.9111,-63.9883,320.2,1,1,2000-11-12,1447,Terra,MODIS,39,6.2,298.5,8.5,D,0
-17.4709,-60.3804,320,1.3,1.1,2000-11-12,1447,Terra,MODIS,40,6.2,301.7,15.4,D,0
-17.3139,-62.9324,323.1,1,1,2000-11-12,1447,Terra,MODIS,48,6.2,300.1,9.1,D,0
-18.2462,-63.4829,327.4,1,1,2000-11-12,1447,Terra,MODIS,57,6.2,307.6,13.8,D,0
-18.2476,-63.4735,325,1,1,2000-11-12,1447,Terra,MODIS,46,6.2,306.6,9.6,D,0
-18.4588,-63.4121,358.5,1,1,2000-11-12,1448,Terra,MODIS,99,6.2,312.3,68.7,D,0
-18.4669,-63.4193,331.8,1,1,2000-11-12,1448,Terra,MODIS,73,6.2,309,16.5,D,0
-18.4683,-63.4099,336.3,1,1,2000-11-12,1448,Terra,MODIS,82,6.2,311.5,23.1,D,0
-18.4696,-63.4004,339,1,1,2000-11-12,1448,Terra,MODIS,87,6.2,312.2,28,D,0
-18.4759,-63.4207,327.8,1,1,2000-11-12,1448,Terra,MODIS,68,6.2,309.5,12,D,0
-18.4773,-63.4113,332.4,1,1,2000-11-12,1448,Terra,MODIS,80,6.2,310.2,17.7,D,0
-21.0943,-63.7551,342.7,1,1,2000-11-12,1448,Terra,MODIS,92,6.2,305.9,39,D,2
-18.4188,-62.3131,319.6,1,1,2000-11-13,0259,Terra,MODIS,99,6.2,294.9,14.9,N,0
-18.4201,-62.3227,324.7,1,1,2000-11-13,0259,Terra,MODIS,100,6.2,295,20.2,N,0
-18.4558,-63.41,300.1,1.1,1,2000-11-13,0259,Terra,MODIS,10,6.2,287.2,3.1,N,0
-18.4572,-63.4204,301.1,1.1,1,2000-11-13,0259,Terra,MODIS,26,6.2,289.4,3.7,N,0
-17.873,-62.885,310,1,1,2000-11-13,0259,Terra,MODIS,79,6.2,292.7,8.2,N,0
-17.4898,-61.8433,311.7,1,1,2000-11-13,0259,Terra,MODIS,83,6.2,282.2,10.8,N,0
-17.4911,-61.8527,303.9,1,1,2000-11-13,0259,Terra,MODIS,58,6.2,281.1,5.7,N,0
-16.8934,-62.708,300.2,1,1,2000-11-13,0259,Terra,MODIS,15,6.2,280.9,3.8,N,0
-16.8947,-62.7176,301.7,1,1,2000-11-13,0259,Terra,MODIS,43,6.2,280.7,4.8,N,0
-15.079,-64.9211,310.4,1.2,1.1,2000-11-13,0300,Terra,MODIS,80,6.2,289.3,10.8,N,0
-16.6306,-59.7473,315.9,1.1,1.1,2000-11-16,1422,Terra,MODIS,67,6.2,298,8.6,D,0
-16.4702,-63.6008,320.5,2,1.4,2000-11-16,1422,Terra,MODIS,75,6.2,297.4,31.6,D,0
-16.4736,-63.5819,332,2,1.4,2000-11-16,1422,Terra,MODIS,86,6.2,298.1,69.7,D,0
-16.9198,-63.0391,311.4,1.8,1.3,2000-11-16,1423,Terra,MODIS,57,6.2,294,13.7,D,0
-17.3362,-61.6787,326.2,1.4,1.2,2000-11-16,1423,Terra,MODIS,80,6.2,300.7,26.7,D,0
-17.3385,-61.6653,324.4,1.4,1.2,2000-11-16,1423,Terra,MODIS,79,6.2,299.4,21.4,D,0
-16.1951,-61.0609,318,1.8,1.3,2000-11-17,0235,Terra,MODIS,96,6.2,289.7,39.1,N,0
-12.0773,-65.7034,329.1,1.1,1,2000-11-17,1504,Terra,MODIS,83,6.2,297.9,22.9,D,0
-12.0787,-65.6938,325,1.1,1,2000-11-17,1504,Terra,MODIS,79,6.2,297.5,17.7,D,0
-12.0865,-65.7048,314.9,1.1,1,2000-11-17,1504,Terra,MODIS,65,6.2,296.9,7.6,D,0
-12.2799,-65.6359,319.2,1.1,1,2000-11-17,1504,Terra,MODIS,72,6.2,297.1,10.9,D,0
-12.4073,-65.7196,340.6,1.1,1,2000-11-17,1504,Terra,MODIS,90,6.2,298.1,41.4,D,0
-12.4166,-65.7209,325.7,1.1,1,2000-11-17,1504,Terra,MODIS,79,6.2,297.6,18.7,D,0
-12.418,-65.7112,312.1,1.1,1,2000-11-17,1504,Terra,MODIS,53,6.2,295.8,5.1,D,0
-12.7348,-66.1339,327.2,1,1,2000-11-17,1504,Terra,MODIS,80,6.2,297.5,20,D,0
-12.8407,-66.3542,316.8,1,1,2000-11-17,1504,Terra,MODIS,66,6.2,297.4,8.5,D,0
-12.8421,-66.3448,329.8,1,1,2000-11-17,1504,Terra,MODIS,82,6.2,298.2,22.8,D,0
-13.0498,-66.5022,318.5,1,1,2000-11-17,1504,Terra,MODIS,69,6.2,296.2,9.7,D,0
-13.4177,-63.9468,318.3,1.3,1.1,2000-11-17,1504,Terra,MODIS,71,6.2,297.7,14.5,D,0
-13.4194,-63.9345,321.9,1.3,1.1,2000-11-17,1504,Terra,MODIS,76,6.2,297.6,19.8,D,0
-13.4157,-63.9405,328.4,1.3,1.1,2000-11-17,1504,Terra,MODIS,82,6.2,297.9,29.3,D,0
-13.3439,-67.4527,314.4,1,1,2000-11-17,1505,Terra,MODIS,63,6.2,297.2,7.1,D,0
-13.3453,-67.4435,319.5,1,1,2000-11-17,1505,Terra,MODIS,72,6.2,298.2,11.4,D,0
-13.3542,-67.4448,326.2,1,1,2000-11-17,1505,Terra,MODIS,80,6.2,299,18.1,D,0
-13.8054,-66.1678,336.4,1.1,1,2000-11-17,1505,Terra,MODIS,87,6.2,299.9,31.2,D,0
-14.0661,-66.0055,325.8,1.1,1,2000-11-17,1505,Terra,MODIS,73,6.2,302.9,15.2,D,0
-14.0856,-66.0683,329.7,1.1,1,2000-11-17,1505,Terra,MODIS,80,6.2,305.5,19.3,D,0
-14.0935,-66.0794,324.1,1.1,1,2000-11-17,1505,Terra,MODIS,74,6.2,302.4,12.8,D,0
-14.0949,-66.0696,329.4,1.1,1,2000-11-17,1505,Terra,MODIS,82,6.2,304.3,20.6,D,0
-14.4245,-64.6359,317.9,1.3,1.1,2000-11-17,1505,Terra,MODIS,68,6.2,300.2,11.2,D,0
-14.4575,-64.6169,317.7,1.3,1.1,2000-11-17,1505,Terra,MODIS,31,6.2,298.5,10.2,D,0
-14.4644,-64.6414,315.3,1.3,1.1,2000-11-17,1505,Terra,MODIS,49,6.2,298.3,8.4,D,0
-14.466,-64.6298,316,1.3,1.1,2000-11-17,1505,Terra,MODIS,50,6.2,298.6,9,D,0
-14.4675,-64.6183,315.3,1.3,1.1,2000-11-17,1505,Terra,MODIS,34,6.2,298.8,8.1,D,0
-15.1922,-60.6772,319.4,2.5,1.5,2000-11-17,1505,Terra,MODIS,75,6.2,293,45.2,D,0
-15.1997,-60.6837,313.6,2.5,1.5,2000-11-17,1505,Terra,MODIS,66,6.2,293.2,27.4,D,0
-15.2153,-64.2116,316.1,1.4,1.2,2000-11-17,1505,Terra,MODIS,65,6.2,298.5,12.4,D,0
-15.2126,-64.2051,313,1.4,1.2,2000-11-17,1505,Terra,MODIS,31,6.2,296.8,8.8,D,0
-14.7709,-68.3871,316.7,1,1,2000-11-17,1505,Terra,MODIS,56,6.2,291.1,6.2,D,0
-16.1984,-61.0523,337.7,2.4,1.5,2000-11-17,1505,Terra,MODIS,89,6.2,295,121.7,D,0
-16.0345,-63.1013,319.6,1.7,1.3,2000-11-17,1505,Terra,MODIS,75,6.2,296,25.2,D,0
-16.0364,-63.086,319.3,1.7,1.3,2000-11-17,1505,Terra,MODIS,75,6.2,296.6,25,D,0
-16.3175,-63.5862,333.3,1.5,1.2,2000-11-17,1505,Terra,MODIS,86,6.2,294.1,44.7,D,0
-16.382,-63.8027,315.1,1.5,1.2,2000-11-17,1505,Terra,MODIS,67,6.2,293.4,12.7,D,0
-16.458,-63.6401,321.7,1.5,1.2,2000-11-17,1505,Terra,MODIS,76,6.2,297.4,19.7,D,0
-16.4598,-63.6258,321.1,1.5,1.2,2000-11-17,1505,Terra,MODIS,71,6.2,298,17.7,D,0
-16.4672,-63.568,324.8,1.6,1.2,2000-11-17,1505,Terra,MODIS,51,6.2,299.3,23.3,D,0
-16.4764,-63.5839,347.6,1.6,1.2,2000-11-17,1505,Terra,MODIS,94,6.2,303.6,87.4,D,0
-16.4782,-63.5695,378.8,1.6,1.2,2000-11-17,1505,Terra,MODIS,100,6.2,302,263.9,D,0
-16.4801,-63.555,327.3,1.6,1.2,2000-11-17,1505,Terra,MODIS,66,6.2,295.7,28.9,D,0
-16.4789,-63.5754,365.8,1.6,1.2,2000-11-17,1505,Terra,MODIS,100,6.2,303.6,176.3,D,0
-16.4807,-63.5609,339.9,1.6,1.2,2000-11-17,1505,Terra,MODIS,90,6.2,297.1,62.9,D,0
-16.7085,-63.4683,321.2,1.6,1.2,2000-11-17,1505,Terra,MODIS,74,6.2,299.5,20.6,D,0
-17.2178,-62.3529,333.5,2,1.4,2000-11-17,1505,Terra,MODIS,50,6.2,287.5,58,D,0
-18.7498,-63.3763,312,1.7,1.3,2000-11-17,1506,Terra,MODIS,50,6.2,286.9,17.1,D,0
-21.0969,-63.7654,314.1,1.8,1.3,2000-11-17,1507,Terra,MODIS,60,6.2,296.9,12.6,D,2
-21.099,-63.7468,322.4,1.8,1.3,2000-11-17,1507,Terra,MODIS,75,6.2,300.3,30.6,D,2
-21.0915,-63.7537,331.3,1.1,1,2000-11-18,0317,Terra,MODIS,100,6.2,290.4,34.6,N,2
-21.0931,-63.7643,302.1,1.1,1,2000-11-18,0317,Terra,MODIS,46,6.2,290.3,5.8,N,2
-19.0302,-62.4137,300.8,1.3,1.1,2000-11-18,0317,Terra,MODIS,34,6.2,290,7.3,N,0
-19.0322,-62.426,310.8,1.3,1.1,2000-11-18,0317,Terra,MODIS,81,6.2,290.6,16.5,N,0
-18.734,-63.2487,310.1,1.2,1.1,2000-11-18,0317,Terra,MODIS,79,6.2,289.9,13,N,0
-18.7309,-63.2436,310.1,1.2,1.1,2000-11-18,0317,Terra,MODIS,79,6.2,290,13.3,N,0
-18.7418,-63.3788,301.7,1.2,1.1,2000-11-18,0317,Terra,MODIS,44,6.2,289.6,6.2,N,0
-18.4028,-63.0408,308.1,1.2,1.1,2000-11-18,0317,Terra,MODIS,74,6.2,289.8,12.2,N,0
-17.6793,-62.6104,301.9,1.3,1.1,2000-11-18,0318,Terra,MODIS,45,6.2,289.5,7.6,N,0
-17.234,-62.3347,301.8,1.4,1.2,2000-11-18,0318,Terra,MODIS,16,6.2,290,7.1,N,0
-17.2151,-62.3516,311.9,1.4,1.2,2000-11-18,0318,Terra,MODIS,49,6.2,291.5,16.3,N,0
-17.2173,-62.3646,309.6,1.4,1.2,2000-11-18,0318,Terra,MODIS,29,6.2,291.1,13.8,N,0
-17.2104,-62.3588,307.6,1.4,1.2,2000-11-18,0318,Terra,MODIS,72,6.2,290.7,12.7,N,0
-17.2125,-62.3718,304.1,1.4,1.2,2000-11-18,0318,Terra,MODIS,29,6.2,290.3,8.9,N,0
-16.7226,-60.2578,302.7,2,1.4,2000-11-18,0318,Terra,MODIS,51,6.2,286.4,15.3,N,0
-16.7258,-60.2764,305.3,2,1.4,2000-11-18,0318,Terra,MODIS,64,6.2,286.6,19.4,N,0
-15.8594,-61.5443,303,1.7,1.3,2000-11-18,0318,Terra,MODIS,43,6.2,285.2,14.8,N,0
-16.0398,-64.0938,301.5,1.2,1.1,2000-11-18,0318,Terra,MODIS,42,6.2,290.5,5.8,N,0
-16.0071,-64.1606,301.4,1.1,1.1,2000-11-18,0318,Terra,MODIS,40,6.2,287.6,5.7,N,0
-15.7882,-65.221,302,1.1,1,2000-11-18,0318,Terra,MODIS,46,6.2,289.8,5.5,N,0
-15.7896,-65.2307,301.4,1,1,2000-11-18,0318,Terra,MODIS,41,6.2,289.3,5.3,N,0
-14.3084,-66.0504,304.9,1,1,2000-11-18,0319,Terra,MODIS,62,6.2,291.3,6.9,N,0
-14.3098,-66.0598,315,1,1,2000-11-18,0319,Terra,MODIS,90,6.2,292.4,14.1,N,0
-14.2997,-67.078,301.5,1,1,2000-11-18,0319,Terra,MODIS,41,6.2,289.6,4.9,N,0
-14.301,-67.0872,309.1,1,1,2000-11-18,0319,Terra,MODIS,77,6.2,289.5,9.8,N,0
-14.0915,-66.0741,310.9,1,1,2000-11-18,0319,Terra,MODIS,81,6.2,292.4,11.2,N,0
-10.8939,-65.4362,302.4,1.1,1.1,2000-11-18,0319,Terra,MODIS,49,6.2,289,5.2,N,0
-16.7234,-60.2631,328.5,1.9,1.4,2000-11-18,1410,Terra,MODIS,81,6.2,298.6,54.5,D,0
-18.239,-63.4588,317.5,3.1,1.7,2000-11-18,1411,Terra,MODIS,42,6.2,300.4,37.2,D,0
-19.0352,-62.4179,317.3,2.5,1.5,2000-11-18,1411,Terra,MODIS,61,6.2,301.9,21.8,D,0
-21.0874,-63.7557,317.6,2.9,1.6,2000-11-18,1411,Terra,MODIS,61,6.2,301.8,34.8,D,0
-21.0884,-63.7621,317.1,2.9,1.6,2000-11-18,1411,Terra,MODIS,61,6.2,301.7,33.5,D,2
-21.0934,-63.7376,316.9,2.8,1.6,2000-11-18,1411,Terra,MODIS,60,6.2,301,31.2,D,2
-21.7808,-63.3656,313.9,2.6,1.5,2000-11-18,1412,Terra,MODIS,45,6.2,299.3,25.8,D,0
-16.39,-59.4629,312.8,2.3,1.5,2000-11-19,0223,Terra,MODIS,86,6.2,292.8,36.2,N,0
-16.3767,-59.4644,312.4,2.3,1.5,2000-11-19,0223,Terra,MODIS,85,6.2,292.7,34.3,N,0
-16.3938,-59.469,311.8,2.3,1.5,2000-11-19,0223,Terra,MODIS,83,6.2,292.7,31.3,N,0
-16.3805,-59.4705,308.6,2.3,1.5,2000-11-19,0223,Terra,MODIS,75,6.2,292.5,24.6,N,0
-12.1548,-66.2828,317.9,1.1,1.1,2000-11-19,1452,Terra,MODIS,49,6.2,300.1,9.3,D,0
-12.5087,-66.5932,325.6,1.2,1.1,2000-11-19,1452,Terra,MODIS,76,6.2,300.9,16,D,0
-13.0119,-65.5594,318.8,1,1,2000-11-19,1452,Terra,MODIS,0,6.2,300,7.6,D,0
-13.49,-64.2676,318,1,1,2000-11-19,1452,Terra,MODIS,62,6.2,299.6,8.2,D,0
-13.4913,-64.2585,321.9,1,1,2000-11-19,1452,Terra,MODIS,70,6.2,299.9,12,D,0
-13.4405,-65.8339,317.8,1.1,1,2000-11-19,1452,Terra,MODIS,58,6.2,301.3,7,D,0
-13.823,-63.4267,313.3,1,1,2000-11-19,1452,Terra,MODIS,48,6.2,297.3,4.9,D,0
-13.7916,-66.6136,322.6,1.1,1.1,2000-11-19,1452,Terra,MODIS,68,6.2,302.2,10.5,D,0
-14.0609,-65.9952,341.1,1.1,1,2000-11-19,1452,Terra,MODIS,82,6.2,305.8,31.4,D,0
-14.0844,-66.0747,335.2,1.1,1,2000-11-19,1452,Terra,MODIS,74,6.2,312,16.3,D,0
-14.0936,-66.0761,344.4,1.1,1,2000-11-19,1452,Terra,MODIS,91,6.2,314,36.1,D,0
-14.0951,-66.0664,335.9,1.1,1,2000-11-19,1452,Terra,MODIS,62,6.2,310.7,22.2,D,0
-14.1014,-66.0873,354.7,1.1,1,2000-11-19,1452,Terra,MODIS,97,6.2,313,62.8,D,0
-14.1029,-66.0776,352.8,1.1,1,2000-11-19,1452,Terra,MODIS,96,6.2,315.6,58.4,D,0
-14.1044,-66.0678,353.6,1.1,1,2000-11-19,1452,Terra,MODIS,96,6.2,308.7,62.2,D,0
-14.1059,-66.0581,336.3,1.1,1,2000-11-19,1452,Terra,MODIS,85,6.2,300.8,28.2,D,0
-14.1106,-66.0888,348.6,1.1,1,2000-11-19,1452,Terra,MODIS,94,6.2,306,49.6,D,0
-14.1121,-66.079,349.5,1.1,1,2000-11-19,1452,Terra,MODIS,94,6.2,306.6,52.7,D,0
-14.2284,-66.0441,335.6,1.1,1,2000-11-19,1452,Terra,MODIS,77,6.2,310.2,20.8,D,0
-14.2548,-66.1042,347.9,1.1,1,2000-11-19,1452,Terra,MODIS,93,6.2,306.1,50.3,D,0
-14.3297,-66.0463,335.3,1.1,1,2000-11-19,1453,Terra,MODIS,13,6.2,312.3,18.3,D,0
-14.1816,-67.0732,334.1,1.2,1.1,2000-11-19,1453,Terra,MODIS,83,6.2,308,19.3,D,0
-14.1837,-67.0802,331.1,1.2,1.1,2000-11-19,1453,Terra,MODIS,56,6.2,308.7,18.9,D,0
-14.3789,-66.0805,338.8,1.1,1,2000-11-19,1453,Terra,MODIS,72,6.2,304.9,30.2,D,0
-14.3804,-66.0708,337.3,1.1,1,2000-11-19,1453,Terra,MODIS,72,6.2,307.1,27.7,D,0
-14.3819,-66.0611,341.4,1.1,1,2000-11-19,1453,Terra,MODIS,88,6.2,307,34.6,D,0
-14.4877,-65.7887,324,1,1,2000-11-19,1453,Terra,MODIS,68,6.2,302.9,11.6,D,0
-14.4892,-65.7792,321.5,1,1,2000-11-19,1453,Terra,MODIS,49,6.2,304.3,8.7,D,0
-14.4262,-66.7765,338.8,1.1,1.1,2000-11-19,1453,Terra,MODIS,87,6.2,307.8,24.9,D,0
-14.8081,-65.1319,325.6,1,1,2000-11-19,1453,Terra,MODIS,66,6.2,301.1,15.3,D,0
-14.8095,-65.1227,316.3,1,1,2000-11-19,1453,Terra,MODIS,0,6.2,298.9,5.9,D,0
-14.7966,-65.5752,320.9,1,1,2000-11-19,1453,Terra,MODIS,62,6.2,302.4,9.2,D,0
-14.8555,-65.3071,334.2,1,1,2000-11-19,1453,Terra,MODIS,84,6.2,302.8,25.6,D,0
-14.8577,-65.6619,325,1,1,2000-11-19,1453,Terra,MODIS,70,6.2,306.7,12.6,D,0
-14.8069,-66.0504,322.5,1,1,2000-11-19,1453,Terra,MODIS,68,6.2,305.9,10.7,D,0
-15.0209,-66.2861,335.4,1.1,1,2000-11-19,1453,Terra,MODIS,84,6.2,308.2,26.3,D,0
-15.0774,-66.2716,331.4,1.1,1,2000-11-19,1453,Terra,MODIS,73,6.2,304.3,20.3,D,0
-15.5473,-65.6083,371.2,1,1,2000-11-19,1453,Terra,MODIS,100,6.2,307.1,108,D,0
-15.6919,-64.9457,332,1,1,2000-11-19,1453,Terra,MODIS,72,6.2,308,18.2,D,0
-15.6954,-64.9841,332.6,1,1,2000-11-19,1453,Terra,MODIS,26,6.2,308.1,17.4,D,0
-15.6995,-64.9563,346.5,1,1,2000-11-19,1453,Terra,MODIS,93,6.2,306,40.6,D,0
-15.6583,-65.4212,328.1,1,1,2000-11-19,1453,Terra,MODIS,48,6.2,308.1,13.6,D,0
-15.6749,-65.4333,328.3,1,1,2000-11-19,1453,Terra,MODIS,47,6.2,306.9,14.3,D,0
-15.7441,-65.2157,333.9,1,1,2000-11-19,1453,Terra,MODIS,81,6.2,304.1,20.5,D,0
-15.7641,-65.1428,324.7,1,1,2000-11-19,1453,Terra,MODIS,70,6.2,304.9,13,D,0
-15.7869,-65.2382,333.6,1,1,2000-11-19,1453,Terra,MODIS,73,6.2,304.8,19.5,D,0
-15.7882,-65.229,369,1,1,2000-11-19,1453,Terra,MODIS,100,6.2,306.9,100.7,D,0
-15.7896,-65.2197,326.9,1,1,2000-11-19,1453,Terra,MODIS,49,6.2,302.3,13.9,D,0
-15.82,-65.139,321.2,1,1,2000-11-19,1453,Terra,MODIS,69,6.2,300.8,11.3,D,0
-16.0092,-64.1554,332.7,1,1,2000-11-19,1453,Terra,MODIS,33,6.2,305,16.8,D,0
-16.0246,-64.1769,373.3,1,1,2000-11-19,1453,Terra,MODIS,100,6.2,306.6,116.6,D,0
-16.0336,-64.1783,384.1,1,1,2000-11-19,1453,Terra,MODIS,100,6.2,303.3,162,D,0
-16.674,-59.5524,326.7,1.8,1.3,2000-11-19,1453,Terra,MODIS,70,6.2,294.2,43,D,0
-16.6859,-59.554,314,1.8,1.3,2000-11-19,1453,Terra,MODIS,44,6.2,295.5,14.7,D,0
-16.1397,-63.825,327.3,1,1,2000-11-19,1453,Terra,MODIS,50,6.2,306.8,13.8,D,0
-17.421,-58.1809,323.9,2.4,1.5,2000-11-19,1453,Terra,MODIS,9,6.2,297.9,36.2,D,0
-17.4159,-58.1872,319.3,2.4,1.5,2000-11-19,1453,Terra,MODIS,41,6.2,297.5,26.1,D,0
-17.4183,-58.1649,324.7,2.4,1.5,2000-11-19,1453,Terra,MODIS,59,6.2,299.2,47.4,D,0
-16.53,-65.4421,319.6,1,1,2000-11-19,1453,Terra,MODIS,71,6.2,298,10.5,D,0
-16.9747,-63.2254,351.7,1.1,1,2000-11-19,1453,Terra,MODIS,96,6.2,302.4,62.7,D,0
-17.0935,-62.7057,317.3,1.2,1.1,2000-11-19,1453,Terra,MODIS,35,6.2,300.3,6.7,D,0
-17.2252,-62.3342,332.1,1.2,1.1,2000-11-19,1453,Terra,MODIS,51,6.2,306.2,23.2,D,0
-17.4844,-60.3898,315.8,1.6,1.3,2000-11-19,1453,Terra,MODIS,54,6.2,298.2,16.5,D,0
-17.3231,-62.6787,320.5,1.2,1.1,2000-11-19,1453,Terra,MODIS,25,6.2,301.9,9.2,D,0
-17.3374,-64.6427,314.5,1,1,2000-11-19,1453,Terra,MODIS,36,6.2,295.6,7.4,D,0
-17.3387,-64.6332,318.1,1,1,2000-11-19,1453,Terra,MODIS,69,6.2,295.3,10.7,D,0
-17.711,-65.4878,331.7,1,1,2000-11-19,1453,Terra,MODIS,72,6.2,318.1,10.9,D,0
-18.2892,-63.4308,323.5,1.1,1,2000-11-19,1453,Terra,MODIS,63,6.2,303.6,11.3,D,0
-19.0438,-62.4389,358.7,1.3,1.1,2000-11-19,1454,Terra,MODIS,99,6.2,301,102,D,0
-19.0453,-62.4269,352.8,1.3,1.1,2000-11-19,1454,Terra,MODIS,96,6.2,302.9,82.8,D,0
-19.0538,-62.4403,399.6,1.3,1.1,2000-11-19,1454,Terra,MODIS,100,6.2,303.6,338.4,D,0
-19.0553,-62.4283,390.1,1.3,1.1,2000-11-19,1454,Terra,MODIS,100,6.2,298.8,267.4,D,0
-19.5636,-63.6505,318.6,1.1,1.1,2000-11-19,1454,Terra,MODIS,50,6.2,303.8,10.1,D,0
-20.5218,-64.4168,336.8,1.1,1,2000-11-19,1454,Terra,MODIS,84,6.2,308.4,29,D,0
-21.0906,-63.7491,323.9,1.1,1.1,2000-11-19,1454,Terra,MODIS,73,6.2,307.6,11.3,D,2
-21.0982,-63.7549,327,1.1,1,2000-11-20,0304,Terra,MODIS,100,6.2,295.2,25.1,N,2
-21.0889,-63.7562,313.1,1.1,1,2000-11-20,0304,Terra,MODIS,86,6.2,295.5,10.4,N,2
-19.0417,-62.4344,308.2,1,1,2000-11-20,0305,Terra,MODIS,74,6.2,296.1,5.4,N,0
-18.4257,-62.309,308.4,1,1,2000-11-20,0305,Terra,MODIS,73,6.2,290.7,6.9,N,0
-18.4271,-62.3186,318.2,1,1,2000-11-20,0305,Terra,MODIS,96,6.2,289.2,15.2,N,0
-18.563,-63.6669,300.4,1,1,2000-11-20,0305,Terra,MODIS,28,6.2,286.3,5.3,N,0
-17.5609,-62.7518,308.2,1,1,2000-11-20,0305,Terra,MODIS,74,6.2,293.4,7.5,N,0
-16.8016,-59.1114,312.3,1.5,1.2,2000-11-20,0305,Terra,MODIS,84,6.2,292.7,16.1,N,0
-16.8038,-59.1249,311.7,1.4,1.2,2000-11-20,0305,Terra,MODIS,83,6.2,292.6,15.5,N,0
-16.8061,-59.1384,303.7,1.4,1.2,2000-11-20,0305,Terra,MODIS,54,6.2,292.5,6.8,N,0
-16.7909,-59.1133,305.2,1.5,1.2,2000-11-20,0305,Terra,MODIS,62,6.2,292.4,8.1,N,0
-16.7963,-59.1048,314.4,1.5,1.2,2000-11-20,0305,Terra,MODIS,89,6.2,292.6,19.8,N,0
-16.7985,-59.1184,314.3,1.5,1.2,2000-11-20,0305,Terra,MODIS,88,6.2,292.4,19.2,N,0
-16.8006,-59.1319,310.4,1.4,1.2,2000-11-20,0305,Terra,MODIS,79,6.2,292.3,14.1,N,0
-16.9014,-62.7078,308,1,1,2000-11-20,0305,Terra,MODIS,73,6.2,294.4,7,N,0
-16.9207,-63.161,307,1,1,2000-11-20,0305,Terra,MODIS,70,6.2,294.2,6.5,N,0
-16.8302,-63.172,305.2,1,1,2000-11-20,0306,Terra,MODIS,63,6.2,293.8,5.3,N,0
-16.9334,-63.9703,309.9,1,1,2000-11-20,0306,Terra,MODIS,78,6.2,293.7,8.4,N,0
-16.9347,-63.9797,327.5,1,1,2000-11-20,0306,Terra,MODIS,100,6.2,294.3,25.2,N,0
-16.0524,-64.175,347,1,1,2000-11-20,0306,Terra,MODIS,100,6.2,296,54.9,N,0
-16.0537,-64.1844,385.1,1,1,2000-11-20,0306,Terra,MODIS,100,6.2,301.3,176.9,N,0
-16.055,-64.1938,310.6,1,1,2000-11-20,0306,Terra,MODIS,80,6.2,293.6,8.2,N,0
-16.0433,-64.1764,307.7,1,1,2000-11-20,0306,Terra,MODIS,72,6.2,294.2,6.2,N,0
-16.0446,-64.1858,342.3,1,1,2000-11-20,0306,Terra,MODIS,100,6.2,295.1,46.8,N,0
-16.0033,-64.1536,326.8,1,1,2000-11-20,0306,Terra,MODIS,100,6.2,296.9,23.6,N,0
-16.0046,-64.163,337.8,1,1,2000-11-20,0306,Terra,MODIS,100,6.2,298.7,38.9,N,0
-15.7935,-65.2442,307.7,1.1,1,2000-11-20,0306,Terra,MODIS,72,6.2,293.6,7.4,N,0
-15.7868,-65.2656,303.5,1.1,1,2000-11-20,0306,Terra,MODIS,2,6.2,293.4,4.2,N,0
-15.7881,-65.2756,304.3,1.1,1,2000-11-20,0306,Terra,MODIS,59,6.2,293.3,5.3,N,0
-15.7603,-65.1373,305.8,1.1,1,2000-11-20,0306,Terra,MODIS,66,6.2,294.8,6.1,N,0
-15.7014,-64.9612,325.4,1.1,1,2000-11-20,0306,Terra,MODIS,100,6.2,298.5,22.8,N,0
-15.6909,-64.9528,307.2,1.1,1,2000-11-20,0306,Terra,MODIS,36,6.2,295.2,5.6,N,0
-15.6922,-64.9625,308.5,1.1,1,2000-11-20,0306,Terra,MODIS,56,6.2,295.1,6.6,N,0
-15.0804,-66.2661,307.9,1.2,1.1,2000-11-20,0306,Terra,MODIS,73,6.2,294.7,8.5,N,0
-14.3204,-65.9636,305.5,1.1,1.1,2000-11-20,0306,Terra,MODIS,64,6.2,293.7,7,N,0
-14.3327,-66.0569,303.8,1.1,1.1,2000-11-20,0306,Terra,MODIS,57,6.2,293,5.5,N,0
-14.3087,-66.056,305.2,1.1,1.1,2000-11-20,0306,Terra,MODIS,63,6.2,294.7,6.9,N,0
-14.268,-66.1149,316.2,1.1,1.1,2000-11-20,0306,Terra,MODIS,93,6.2,293.5,15.9,N,0
-14.2585,-66.1163,330.9,1.1,1.1,2000-11-20,0306,Terra,MODIS,100,6.2,294.1,34.6,N,0
-14.2489,-66.1176,312.5,1.1,1.1,2000-11-20,0306,Terra,MODIS,85,6.2,293.3,12.1,N,0
-14.2299,-66.0461,308.2,1.1,1.1,2000-11-20,0306,Terra,MODIS,74,6.2,294.2,8.4,N,0
-14.2248,-66.042,307.4,1.1,1.1,2000-11-20,0306,Terra,MODIS,71,6.2,294.3,8.4,N,0
-14.1099,-66.0858,307.3,1.1,1.1,2000-11-20,0306,Terra,MODIS,30,6.2,294.8,7.4,N,0
-14.1113,-66.0962,306.1,1.1,1.1,2000-11-20,0306,Terra,MODIS,23,6.2,293.4,6.6,N,0
-14.099,-66.0768,308.5,1.1,1.1,2000-11-20,0306,Terra,MODIS,11,6.2,295,7.8,N,0
-14.1004,-66.0872,310.5,1.1,1.1,2000-11-20,0306,Terra,MODIS,41,6.2,295.2,9.5,N,0
-14.1047,-66.1929,308.4,1.1,1.1,2000-11-20,0306,Terra,MODIS,74,6.2,294.3,9.4,N,0
-14.1061,-66.2034,304.3,1.1,1.1,2000-11-20,0306,Terra,MODIS,59,6.2,293.8,6.3,N,0
-14.0595,-65.9983,305.2,1.1,1.1,2000-11-20,0306,Terra,MODIS,63,6.2,294.1,6.4,N,0
-14.0408,-66.0383,305.3,1.1,1.1,2000-11-20,0306,Terra,MODIS,64,6.2,294.5,6.9,N,0
-17.8028,-61.8649,313.5,4.1,1.9,2000-11-20,1358,Terra,MODIS,62,6.2,291.7,52.4,D,0
-21.09,-63.7585,312.1,4.7,2,2000-11-20,1359,Terra,MODIS,52,6.2,290.1,49.9,D,2
-11.8807,-66.1107,307.4,3.3,1.7,2000-11-20,1535,Terra,MODIS,59,6.2,288.7,23.9,D,0
-12.2336,-65.047,307.7,4.1,1.9,2000-11-20,1535,Terra,MODIS,55,6.2,287.8,37.2,D,0
-13.2261,-65.7712,313,3.7,1.8,2000-11-20,1535,Terra,MODIS,0,6.2,292.4,38.4,D,0
-13.0003,-67.9235,313.1,2.5,1.5,2000-11-20,1535,Terra,MODIS,63,6.2,294.3,28.5,D,0
-13.1351,-67.0112,322.9,2.9,1.6,2000-11-20,1535,Terra,MODIS,79,6.2,292.4,73.6,D,0
-13.1382,-66.9842,313.3,3,1.6,2000-11-20,1535,Terra,MODIS,66,6.2,292.3,30.7,D,0
-14.5384,-66.4685,319.1,3.4,1.7,2000-11-20,1535,Terra,MODIS,49,6.2,291.7,59,D,0
-14.5438,-66.5633,315.4,3.3,1.7,2000-11-20,1535,Terra,MODIS,35,6.2,292.3,37.7,D,0
-14.5675,-67.3017,315.8,2.9,1.6,2000-11-20,1535,Terra,MODIS,67,6.2,292.3,46.1,D,0
-14.5681,-67.3086,316,2.9,1.6,2000-11-20,1535,Terra,MODIS,66,6.2,292.4,42.8,D,0
-14.9799,-65.4916,332.5,4.1,1.9,2000-11-20,1536,Terra,MODIS,87,6.2,292,209.4,D,0
-14.9836,-65.499,334.6,4.1,1.9,2000-11-20,1536,Terra,MODIS,88,6.2,291.9,234,D,0
-14.9793,-66.8558,323,3.2,1.7,2000-11-20,1536,Terra,MODIS,71,6.2,293.6,74.3,D,0
-14.9763,-66.8625,324.7,3.2,1.7,2000-11-20,1536,Terra,MODIS,47,6.2,294,77.9,D,0
-14.4483,-66.1272,302.4,3.1,1.7,2000-11-21,0349,Terra,MODIS,38,6.2,285,26.2,N,0
-14.435,-66.4691,308.2,2.9,1.6,2000-11-21,0349,Terra,MODIS,74,6.2,286.4,35.2,N,0
-14.434,-66.4759,305.9,2.9,1.6,2000-11-21,0349,Terra,MODIS,66,6.2,286.8,31.2,N,0
-17.5363,-62.2711,312.8,1,1,2000-11-21,1441,Terra,MODIS,38,6.2,290.1,6.1,D,0
-21.0902,-63.755,327.4,1,1,2000-11-21,1442,Terra,MODIS,55,6.2,301,16.4,D,2
-21.0992,-63.7566,324.9,1,1,2000-11-21,1442,Terra,MODIS,63,6.2,299.4,13.8,D,2
-21.0947,-63.7548,322.4,1.5,1.2,2000-11-22,0252,Terra,MODIS,100,6.2,293.4,34.7,N,2
-19.044,-62.4383,302.3,1.2,1.1,2000-11-22,0253,Terra,MODIS,48,6.2,292.3,5.9,N,0
-18.7242,-63.2882,311.7,1.3,1.1,2000-11-22,0253,Terra,MODIS,83,6.2,293,14.8,N,0
-18.7257,-63.3005,304.1,1.3,1.1,2000-11-22,0253,Terra,MODIS,59,6.2,292.7,7.3,N,0
-18.7139,-63.2895,303.3,1.3,1.1,2000-11-22,0253,Terra,MODIS,54,6.2,292.7,6.6,N,0
-17.8984,-62.7843,309.4,1.2,1.1,2000-11-22,0253,Terra,MODIS,77,6.2,292,11.6,N,0
-17.8556,-62.608,305,1.2,1.1,2000-11-22,0253,Terra,MODIS,62,6.2,291,7.8,N,0
-16.6582,-63.7475,308.6,3.4,1.7,2000-11-22,1524,Terra,MODIS,60,6.2,290.5,31.2,D,0
-17.0831,-62.7195,312.8,4.1,1.9,2000-11-22,1524,Terra,MODIS,67,6.2,290.9,57.3,D,0
-17.0868,-62.7252,311.4,4.1,1.9,2000-11-22,1524,Terra,MODIS,64,6.2,290.9,49.5,D,0
-17.0905,-62.6865,309.2,4.1,1.9,2000-11-22,1524,Terra,MODIS,58,6.2,289.4,39.6,D,0
-21.9793,-63.4605,333.6,2,1.4,2000-11-23,0335,Terra,MODIS,100,6.2,293.9,87.1,N,0
-21.9829,-63.4799,308.3,2,1.4,2000-11-23,0335,Terra,MODIS,74,6.2,293.1,17.6,N,0
-21.7803,-63.3135,315.1,2.1,1.4,2000-11-23,0335,Terra,MODIS,91,6.2,293.8,31.7,N,0
-21.784,-63.3333,321.6,2.1,1.4,2000-11-23,0335,Terra,MODIS,100,6.2,294,48.6,N,0
-21.7716,-63.3361,308.2,2.1,1.4,2000-11-23,0335,Terra,MODIS,74,6.2,293.6,18.4,N,0
-21.7752,-63.3559,303.9,2.1,1.4,2000-11-23,0335,Terra,MODIS,57,6.2,293.6,10.7,N,0
-21.7789,-63.3757,311.1,2,1.4,2000-11-23,0335,Terra,MODIS,82,6.2,293.4,24.1,N,0
-17.0883,-62.7097,311.2,2.9,1.6,2000-11-23,0336,Terra,MODIS,82,6.2,289.1,43.5,N,0
-17.0872,-62.7155,309.8,2.9,1.6,2000-11-23,0336,Terra,MODIS,78,6.2,289.2,41.4,N,0
-17.6189,-61.2699,325.4,1.1,1.1,2000-11-23,1429,Terra,MODIS,53,6.2,301.3,14.7,D,0
-19.0493,-62.4439,372.3,1.2,1.1,2000-11-23,1429,Terra,MODIS,100,6.2,308.7,148.7,D,0
-19.0512,-62.4389,356.2,1.2,1.1,2000-11-23,1429,Terra,MODIS,98,6.2,306.9,85.1,D,0
-19.061,-62.4406,381.3,1.2,1.1,2000-11-23,1429,Terra,MODIS,100,6.2,304.4,195.9,D,0
-19.5197,-63.518,322.5,1.4,1.2,2000-11-23,1429,Terra,MODIS,41,6.2,306.2,13.3,D,0
-19.604,-63.1841,324.6,1.3,1.1,2000-11-23,1429,Terra,MODIS,70,6.2,305.8,15.9,D,0
-19.6061,-63.1718,320.1,1.3,1.1,2000-11-23,1429,Terra,MODIS,58,6.2,303.4,8.7,D,0
-20.4064,-63.48,329.9,1.3,1.1,2000-11-23,1429,Terra,MODIS,76,6.2,311.7,18.8,D,0
-21.0885,-63.754,326.3,1.4,1.2,2000-11-23,1430,Terra,MODIS,71,6.2,310.7,13.3,D,2
-21.0988,-63.7561,332.1,1.4,1.2,2000-11-23,1430,Terra,MODIS,80,6.2,308.1,24.2,D,2
-21.7766,-63.3262,328.3,1.3,1.1,2000-11-23,1430,Terra,MODIS,66,6.2,308.8,17.8,D,0
-21.7786,-63.3144,323.7,1.2,1.1,2000-11-23,1430,Terra,MODIS,60,6.2,308.9,11.1,D,0
-21.9792,-63.4645,332.3,1.3,1.1,2000-11-23,1430,Terra,MODIS,81,6.2,309.1,31.4,D,0
-21.9679,-63.4517,316.9,2.5,1.5,2000-11-24,0240,Terra,MODIS,94,6.2,293.8,45.2,N,0
-21.9701,-63.4754,321.5,2.5,1.5,2000-11-24,0240,Terra,MODIS,100,6.2,293.1,63.8,N,0
-21.9748,-63.4563,327.2,2.5,1.5,2000-11-24,0240,Terra,MODIS,100,6.2,294,84.8,N,0
-21.9772,-63.4799,314.9,2.5,1.5,2000-11-24,0240,Terra,MODIS,90,6.2,293.1,41.7,N,0
-18.1501,-57.5956,307.6,1,1,2000-11-24,0240,Terra,MODIS,71,6.2,295.7,5.8,N,0
-11.2115,-65.9064,317.2,1.2,1.1,2000-11-24,1510,Terra,MODIS,50,6.2,298.5,11.1,D,0
-11.5517,-66.3123,325,1.1,1.1,2000-11-24,1510,Terra,MODIS,79,6.2,298,18.6,D,0
-12.2383,-65.0209,318.3,1.4,1.2,2000-11-24,1510,Terra,MODIS,41,6.2,294.5,13.9,D,0
-12.3243,-66.1123,328.3,1.2,1.1,2000-11-24,1510,Terra,MODIS,64,6.2,295.5,23.3,D,0
-12.3258,-66.119,323.6,1.2,1.1,2000-11-24,1510,Terra,MODIS,74,6.2,294.3,18.2,D,0
-12.337,-66.1095,332,1.2,1.1,2000-11-24,1510,Terra,MODIS,84,6.2,294.8,31,D,0
-12.3453,-66.1217,328,1.2,1.1,2000-11-24,1510,Terra,MODIS,68,6.2,296,23.6,D,0
-12.4079,-66.4084,317.6,1.2,1.1,2000-11-24,1510,Terra,MODIS,37,6.2,296.5,9.7,D,0
-12.8623,-65.0706,321.4,1.4,1.2,2000-11-24,1510,Terra,MODIS,53,6.2,296.6,21.2,D,0
-12.7634,-66.7053,325.6,1.1,1.1,2000-11-24,1510,Terra,MODIS,77,6.2,298.7,18.6,D,0
-12.7648,-66.6951,324.1,1.1,1.1,2000-11-24,1510,Terra,MODIS,76,6.2,298,17,D,0
-13.3069,-64.1948,323.1,1.6,1.3,2000-11-24,1510,Terra,MODIS,76,6.2,292.1,30.6,D,0
-13.3058,-64.2012,322.4,1.6,1.3,2000-11-24,1510,Terra,MODIS,55,6.2,292.9,24.5,D,0
-13.3213,-66.5872,321.2,1.2,1.1,2000-11-24,1510,Terra,MODIS,51,6.2,301.7,6.8,D,0
-13.6327,-64.587,336.8,1.5,1.2,2000-11-24,1510,Terra,MODIS,88,6.2,296.6,55.3,D,0
-13.6338,-64.5937,328.4,1.5,1.2,2000-11-24,1510,Terra,MODIS,81,6.2,296.7,34.9,D,0
-13.6356,-64.5795,324.8,1.5,1.2,2000-11-24,1510,Terra,MODIS,77,6.2,296.2,27.2,D,0
-13.6899,-65.2104,321.1,1.4,1.2,2000-11-24,1511,Terra,MODIS,71,6.2,297.4,17.3,D,0
-14.0651,-65.7602,316.7,1.3,1.1,2000-11-24,1511,Terra,MODIS,54,6.2,299.7,9.1,D,0
-14.2253,-66.5454,347.8,1.2,1.1,2000-11-24,1511,Terra,MODIS,94,6.2,303.8,56,D,0
-14.2268,-66.5345,361.5,1.2,1.1,2000-11-24,1511,Terra,MODIS,100,6.2,304,98.8,D,0
-14.2365,-66.5358,323.4,1.2,1.1,2000-11-24,1511,Terra,MODIS,59,6.2,300.5,11.1,D,0
-14.2913,-67.0893,341,1.1,1.1,2000-11-24,1511,Terra,MODIS,90,6.2,302.4,38.8,D,0
-14.4928,-65.6942,327.3,1.3,1.1,2000-11-24,1511,Terra,MODIS,78,6.2,298.8,26.6,D,0
-14.4998,-65.701,316.4,1.3,1.1,2000-11-24,1511,Terra,MODIS,61,6.2,297.9,10.9,D,0
-14.5013,-65.6887,316.6,1.3,1.1,2000-11-24,1511,Terra,MODIS,61,6.2,298.1,10.8,D,0
-14.4554,-66.1205,324.4,1.3,1.1,2000-11-24,1511,Terra,MODIS,19,6.2,303.8,15.3,D,0
-14.4585,-66.0972,331.2,1.3,1.1,2000-11-24,1511,Terra,MODIS,68,6.2,304.9,25.5,D,0
-14.5268,-65.6544,318.4,1.3,1.1,2000-11-24,1511,Terra,MODIS,66,6.2,298.6,13.2,D,0
-14.6006,-65.1664,315.1,1.5,1.2,2000-11-24,1511,Terra,MODIS,60,6.2,297.7,10.7,D,0
-15.5121,-65.7405,316.3,1.4,1.2,2000-11-24,1511,Terra,MODIS,56,6.2,298.3,8.9,D,0
-15.7235,-64.9645,320,1.6,1.2,2000-11-24,1511,Terra,MODIS,42,6.2,299.4,15.5,D,0
-15.3573,-68.1912,327.8,1,1,2000-11-24,1511,Terra,MODIS,80,6.2,298.5,20,D,0
-15.7272,-65.5719,316,1.4,1.2,2000-11-24,1511,Terra,MODIS,66,6.2,298.8,11.5,D,0
-16.2768,-63.5109,315.6,2,1.4,2000-11-24,1511,Terra,MODIS,50,6.2,297,18,D,0
-16.2791,-63.492,320.2,2,1.4,2000-11-24,1511,Terra,MODIS,53,6.2,297.8,29.6,D,0
-16.0335,-67.1783,319.5,1.2,1.1,2000-11-24,1511,Terra,MODIS,66,6.2,297.9,13.4,D,0
-16.0363,-67.1862,319.5,1.2,1.1,2000-11-24,1511,Terra,MODIS,74,6.2,296.5,15,D,0
-17.52,-62.6603,318.8,2.4,1.5,2000-11-24,1511,Terra,MODIS,48,6.2,296.9,28.8,D,0
-17.5136,-62.6664,317.7,2.4,1.5,2000-11-24,1511,Terra,MODIS,62,6.2,296.3,26,D,0
-17.9123,-62.0115,316,2.8,1.6,2000-11-24,1512,Terra,MODIS,65,6.2,296,31.5,D,0
-18.4996,-63.2779,324,2.3,1.5,2000-11-24,1512,Terra,MODIS,63,6.2,297.9,40,D,0
-18.7195,-63.2921,323,2.3,1.5,2000-11-24,1512,Terra,MODIS,64,6.2,299.1,33.2,D,0
-18.7162,-63.2986,316.8,2.3,1.5,2000-11-24,1512,Terra,MODIS,43,6.2,297.9,15.3,D,0
-18.7185,-63.2768,319.4,2.3,1.5,2000-11-24,1512,Terra,MODIS,66,6.2,299.8,22.8,D,0
-14.5019,-66.1197,309.8,1.1,1.1,2000-11-25,0324,Terra,MODIS,65,6.2,280,11.9,N,0
-14.0275,-66.6956,300.5,1.1,1,2000-11-25,0325,Terra,MODIS,23,6.2,286.2,3.4,N,0
-21.0919,-63.7489,300.9,4.3,1.9,2000-11-26,0227,Terra,MODIS,27,6.2,285.3,47.2,N,2
-16.756,-63.3192,360.2,1.3,1.1,2000-11-26,1459,Terra,MODIS,94,6.2,292.5,115.1,D,0
-17.9684,-68.1067,330.4,1,1,2000-11-26,1459,Terra,MODIS,65,6.2,309.3,10.2,D,0
-21.0947,-63.7498,329,1.4,1.2,2000-11-26,1500,Terra,MODIS,81,6.2,303.8,26.9,D,2
-21.863,-63.8454,323.2,1.4,1.2,2000-11-26,1500,Terra,MODIS,74,6.2,289.5,28.3,D,0
-21.099,-63.7424,317.5,3.7,1.8,2000-11-27,1405,Terra,MODIS,65,6.2,295.4,51.6,D,2
-13.6604,-66.748,316.2,1.4,1.2,2000-11-28,1446,Terra,MODIS,54,6.2,286.7,10.9,D,0
-13.6625,-66.7352,316.2,1.4,1.2,2000-11-28,1446,Terra,MODIS,60,6.2,285.3,10.9,D,0
-15.7153,-63.16,319.5,1,1,2000-11-28,1446,Terra,MODIS,72,6.2,295.1,10,D,0
-15.7167,-63.1508,317.2,1,1,2000-11-28,1446,Terra,MODIS,62,6.2,294,8.2,D,0
-16.5606,-58.8719,340.7,1.6,1.2,2000-11-28,1446,Terra,MODIS,91,6.2,292.8,70.2,D,0
-16.561,-58.8783,328.1,1.6,1.2,2000-11-28,1446,Terra,MODIS,82,6.2,293.1,34.8,D,0
-16.5627,-58.8637,323.8,1.6,1.2,2000-11-28,1446,Terra,MODIS,78,6.2,292.5,25.4,D,0
-16.7699,-59.2077,319.7,1.5,1.2,2000-11-28,1446,Terra,MODIS,56,6.2,299.6,13.8,D,0
-16.8133,-59.1278,318.2,1.5,1.2,2000-11-28,1446,Terra,MODIS,37,6.2,298,11.7,D,0
-16.3578,-62.9817,317.6,1,1,2000-11-28,1446,Terra,MODIS,62,6.2,295.7,8.9,D,0
-16.3838,-63.4961,325.4,1,1,2000-11-28,1446,Terra,MODIS,76,6.2,298.5,10.4,D,0
-17.219,-60.6104,318,1.2,1.1,2000-11-28,1447,Terra,MODIS,60,6.2,300.9,14.8,D,0
-17.2205,-60.5987,318.5,1.2,1.1,2000-11-28,1447,Terra,MODIS,65,6.2,300.9,15.4,D,0
-16.9022,-63.0349,321.2,1,1,2000-11-28,1447,Terra,MODIS,49,6.2,298.4,9.5,D,0
-17.4733,-60.3821,319,1.3,1.1,2000-11-28,1447,Terra,MODIS,22,6.2,300.5,12.5,D,0
-17.6372,-61.3081,323.3,1.2,1.1,2000-11-28,1447,Terra,MODIS,34,6.2,301.2,14.4,D,0
-17.756,-62.272,333.5,1.1,1,2000-11-28,1447,Terra,MODIS,81,6.2,299.3,24.8,D,0
-18.1889,-60.3565,319.3,1.3,1.1,2000-11-28,1447,Terra,MODIS,65,6.2,301.7,16.3,D,0
-18.3227,-63.071,325.4,1,1,2000-11-28,1447,Terra,MODIS,75,6.2,303.2,13.7,D,0
-19.5639,-63.6527,321.1,1,1,2000-11-28,1447,Terra,MODIS,47,6.2,305.6,8.9,D,0
-21.0944,-63.7536,347.7,1,1,2000-11-28,1448,Terra,MODIS,93,6.2,309,42.8,D,2
-21.7996,-63.3124,334.6,1,1,2000-11-28,1448,Terra,MODIS,82,6.2,306.6,21,D,0
-21.801,-63.3023,328.8,1,1,2000-11-28,1448,Terra,MODIS,65,6.2,307.4,13.5,D,0
-21.8004,-63.3741,335.6,1,1,2000-11-28,1448,Terra,MODIS,85,6.2,306.1,26.9,D,0
-21.8088,-63.3138,325.1,1,1,2000-11-28,1448,Terra,MODIS,41,6.2,308.9,10.3,D,0
-16.7663,-59.193,319.1,1.2,1.1,2000-11-29,0259,Terra,MODIS,98,6.2,292.3,19.3,N,0
-16.768,-59.2038,340.1,1.2,1.1,2000-11-29,0259,Terra,MODIS,100,6.2,292.8,52.5,N,0
-16.7567,-59.1946,305.5,1.2,1.1,2000-11-29,0259,Terra,MODIS,64,6.2,291.8,6.7,N,0
-16.7584,-59.2054,310.2,1.2,1.1,2000-11-29,0259,Terra,MODIS,80,6.2,291.8,10.5,N,0
-16.9472,-60.6213,307.2,1,1,2000-11-29,0259,Terra,MODIS,71,6.2,284.8,7.6,N,0
-16.9367,-60.6132,322.2,1,1,2000-11-29,0259,Terra,MODIS,100,6.2,284.9,19.9,N,0
-16.9381,-60.6228,326,1,1,2000-11-29,0259,Terra,MODIS,100,6.2,285.1,24.3,N,0
-16.7213,-60.2727,307.5,1.1,1,2000-11-29,0259,Terra,MODIS,72,6.2,282.2,8.4,N,0
-16.7228,-60.2825,305.2,1.1,1,2000-11-29,0259,Terra,MODIS,63,6.2,282,6.7,N,0
-15.8676,-61.5497,302.8,1,1,2000-11-29,0259,Terra,MODIS,51,6.2,292.8,3.6,N,0
-15.8586,-61.5511,327,1,1,2000-11-29,0259,Terra,MODIS,100,6.2,293.1,24.1,N,0
-15.668,-61.4407,307.8,1,1,2000-11-29,0259,Terra,MODIS,72,6.2,292.1,6.9,N,0
-13.6775,-66.7423,314.2,2.4,1.5,2000-11-29,1529,Terra,MODIS,54,6.2,289.6,17.5,D,0
-13.8337,-66.7293,313.6,2.4,1.5,2000-11-29,1529,Terra,MODIS,64,6.2,289.8,19,D,0
-13.9679,-67.5679,339.5,2.1,1.4,2000-11-29,1529,Terra,MODIS,79,6.2,294.1,104.4,D,0
-13.9805,-67.5695,316.3,2.1,1.4,2000-11-29,1529,Terra,MODIS,72,6.2,292.4,24.6,D,0
-17.5425,-61.2953,307.9,4,1.9,2000-12-01,1517,Terra,MODIS,24,6.2,284.8,27.5,D,0
-12.0925,-66.4483,301,1.4,1.2,2000-12-02,0331,Terra,MODIS,36,6.2,289.8,5.4,N,0
-21.093,-63.7397,300.3,3.3,1.7,2000-12-03,0233,Terra,MODIS,23,6.2,288.9,21.3,N,2
-21.0957,-63.7685,301.3,3.4,1.7,2000-12-03,0233,Terra,MODIS,40,6.2,288.8,24.7,N,2
-12.334,-66.6232,318.8,1,1,2000-12-03,1504,Terra,MODIS,66,6.2,295.4,9.2,D,0
-12.8263,-64.0194,315.4,1.3,1.1,2000-12-03,1504,Terra,MODIS,64,6.2,291.6,9.9,D,0
-13.6663,-67.8949,317.7,1,1,2000-12-03,1504,Terra,MODIS,71,6.2,297.6,8,D,0
-13.833,-68.0745,317.4,1,1,2000-12-03,1504,Terra,MODIS,71,6.2,297.4,8.6,D,0
-17.1903,-62.3231,338.9,1.9,1.4,2000-12-03,1505,Terra,MODIS,90,6.2,294.9,86.5,D,0
-17.1925,-62.3051,324.9,1.9,1.4,2000-12-03,1505,Terra,MODIS,81,6.2,294.1,38.5,D,0
-17.194,-62.3301,326.1,1.9,1.4,2000-12-03,1505,Terra,MODIS,81,6.2,295,39.6,D,0
-17.196,-62.312,331.7,1.9,1.4,2000-12-03,1505,Terra,MODIS,85,6.2,295,59.3,D,0
-21.099,-63.7522,323.4,1.7,1.3,2000-12-03,1506,Terra,MODIS,75,6.2,298.1,29.7,D,2
-17.5391,-61.5426,313.9,1.5,1.2,2000-12-04,0317,Terra,MODIS,88,6.2,293.4,19.4,N,0
-17.1943,-62.308,306.6,1.4,1.2,2000-12-04,0317,Terra,MODIS,69,6.2,293.3,9.1,N,0
-17.1964,-62.3209,323.1,1.4,1.2,2000-12-04,0317,Terra,MODIS,100,6.2,293.6,31.3,N,0
-14.6753,-65.4672,303.2,1,1,2000-12-04,0318,Terra,MODIS,51,6.2,293.1,4.1,N,0
-13.6362,-64.6721,308.8,1.1,1.1,2000-12-04,0318,Terra,MODIS,75,6.2,281.7,10.7,N,0
-21.0952,-63.7517,303,3.2,1.7,2000-12-07,0346,Terra,MODIS,53,6.2,289.9,27,N,2
-21.0994,-63.7565,303.2,3.2,1.7,2000-12-07,0346,Terra,MODIS,54,6.2,289.8,28.1,N,2
-14.4486,-66.114,309.4,1.6,1.2,2000-12-07,1439,Terra,MODIS,44,6.2,283.8,11,D,0
-16.3129,-59.8682,314.7,1.1,1,2000-12-07,1440,Terra,MODIS,40,6.2,298.7,6.4,D,0
-16.3143,-59.858,318.1,1.1,1,2000-12-07,1440,Terra,MODIS,64,6.2,299.9,9.7,D,0
-16.1551,-61.1825,316,1,1,2000-12-07,1440,Terra,MODIS,30,6.2,296.2,6.7,D,0
-16.5574,-58.8874,336.3,1.2,1.1,2000-12-07,1440,Terra,MODIS,87,6.2,300.5,38.8,D,0
-16.5589,-58.876,320.1,1.2,1.1,2000-12-07,1440,Terra,MODIS,70,6.2,300.7,11.8,D,0
-16.8008,-59.1243,321.3,1.2,1.1,2000-12-07,1440,Terra,MODIS,61,6.2,307.3,12.1,D,0
-16.9113,-63.0333,312.8,1,1,2000-12-07,1440,Terra,MODIS,21,6.2,290.4,5.8,D,0
-17.3202,-61.5233,322,1,1,2000-12-07,1440,Terra,MODIS,55,6.2,305.6,12.5,D,0
-19.7615,-63.0742,345.1,1,1,2000-12-07,1441,Terra,MODIS,92,6.2,309.5,39.2,D,0
-19.7629,-63.0647,351,1,1,2000-12-07,1441,Terra,MODIS,95,6.2,310.8,50.1,D,0
-19.7928,-63.0501,341.5,1,1,2000-12-07,1441,Terra,MODIS,89,6.2,310.2,27.6,D,0
-19.7942,-63.0406,331.9,1,1,2000-12-07,1441,Terra,MODIS,71,6.2,309.9,11.7,D,0
-19.8018,-63.0516,372.8,1,1,2000-12-07,1441,Terra,MODIS,100,6.2,311.3,109.9,D,0
-19.8032,-63.0421,342.1,1,1,2000-12-07,1441,Terra,MODIS,89,6.2,309.2,29.1,D,0
-21.0958,-63.7548,342.2,1,1,2000-12-07,1441,Terra,MODIS,90,6.2,306.9,33.8,D,2
-21.0973,-63.7451,324.5,1,1,2000-12-07,1441,Terra,MODIS,71,6.2,306.8,7.8,D,2
-21.6635,-63.4714,340.8,1,1,2000-12-07,1441,Terra,MODIS,89,6.2,304.7,35.5,D,0
-21.7872,-63.3208,320.5,1,1,2000-12-07,1441,Terra,MODIS,69,6.2,301.5,9,D,0
-21.7886,-63.3112,315.8,1,1,2000-12-07,1441,Terra,MODIS,46,6.2,299.9,4.8,D,0
-19.7788,-62.9425,303.9,1.3,1.1,2000-12-08,0252,Terra,MODIS,57,6.2,291.3,7.5,N,0
-19.7803,-62.955,310,1.3,1.1,2000-12-08,0252,Terra,MODIS,79,6.2,291.5,13.5,N,0
-17.0855,-64.2915,300.1,1.5,1.2,2000-12-08,0252,Terra,MODIS,18,6.2,282.6,7.4,N,0
-12.9835,-67.2238,314.4,1.6,1.2,2000-12-08,1522,Terra,MODIS,73,6.2,279.5,21.6,D,0
-13.0083,-67.2061,325.8,1.6,1.2,2000-12-09,0337,Terra,MODIS,100,6.2,287.2,46.3,N,0
-13.0105,-67.2203,312.2,1.6,1.2,2000-12-09,0337,Terra,MODIS,80,6.2,284,23.2,N,0
-12.2989,-65.5891,309.2,1.3,1.1,2000-12-10,1510,Terra,MODIS,56,6.2,285.3,6.3,D,0
-21.0922,-63.7519,324.1,2.2,1.4,2000-12-11,1417,Terra,MODIS,76,6.2,297.8,41.8,D,2
-18.3275,-63.0889,312.6,1,1,2000-12-14,1447,Terra,MODIS,63,6.2,292.4,6.9,D,0
-19.1535,-68.5026,350.4,1.5,1.2,2000-12-14,1447,Terra,MODIS,94,6.2,314.5,83.3,D,0
-19.1558,-68.5093,331.4,1.5,1.2,2000-12-14,1447,Terra,MODIS,69,6.2,312.9,22.3,D,0
-21.7786,-63.379,304.9,1.2,1.1,2000-12-15,0257,Terra,MODIS,62,6.2,289.2,6.7,N,0
-21.7763,-63.3734,302.5,1.2,1.1,2000-12-15,0257,Terra,MODIS,49,6.2,289.5,5.4,N,0
-21.093,-63.7516,323.3,1.2,1.1,2000-12-15,0258,Terra,MODIS,100,6.2,292.7,25.8,N,2
-21.0944,-63.7626,309.2,1.2,1.1,2000-12-15,0258,Terra,MODIS,77,6.2,292.7,9.3,N,2
-21.0918,-63.7457,305.6,1.2,1.1,2000-12-15,0258,Terra,MODIS,65,6.2,292.6,6.1,N,2
-21.0932,-63.757,324.6,1.2,1.1,2000-12-15,0258,Terra,MODIS,100,6.2,293.1,27.4,N,2
-13.7357,-66.5092,318.8,2.5,1.5,2000-12-15,1528,Terra,MODIS,65,6.2,290.2,41.3,D,0
-13.7384,-66.4865,313.1,2.5,1.5,2000-12-15,1528,Terra,MODIS,49,6.2,291.7,22.1,D,0
-13.7292,-66.5152,315.4,2.5,1.5,2000-12-15,1528,Terra,MODIS,66,6.2,292.8,30.4,D,0
-13.7318,-66.4925,318.4,2.5,1.5,2000-12-15,1528,Terra,MODIS,69,6.2,292,39.9,D,0
-21.0948,-63.7484,310.1,1.9,1.4,2000-12-17,0245,Terra,MODIS,79,6.2,288.5,27.7,N,2
-21.0965,-63.7652,304.3,2,1.4,2000-12-17,0245,Terra,MODIS,59,6.2,288.1,17.9,N,2
-21.0919,-63.7545,315.6,1.9,1.4,2000-12-17,0245,Terra,MODIS,92,6.2,288.4,38.3,N,2
-12.2664,-66.4616,322,1.4,1.2,2000-12-17,1516,Terra,MODIS,77,6.2,296.9,24.1,D,0
-13.6056,-65.86,311.8,1.6,1.2,2000-12-17,1516,Terra,MODIS,63,6.2,298.5,12.3,D,0
-17.946,-61.5616,309.9,3.9,1.8,2000-12-17,1517,Terra,MODIS,45,6.2,295.5,35.8,D,0
-21.0891,-63.7402,311.5,3,1.6,2000-12-17,1518,Terra,MODIS,48,6.2,297.9,28.3,D,2
-21.0944,-63.747,310.8,1.5,1.2,2000-12-18,0328,Terra,MODIS,81,6.2,290.4,20.1,N,2
-21.0971,-63.763,313.1,1.5,1.2,2000-12-18,0328,Terra,MODIS,86,6.2,291,23.1,N,2
-17.1237,-59.067,315.8,1.1,1,2000-12-18,1422,Terra,MODIS,61,6.2,302.9,7.4,D,0
-17.1253,-59.0571,320.6,1.1,1,2000-12-18,1422,Terra,MODIS,71,6.2,303.1,12.3,D,0
-18.0087,-62.1637,320.9,1.5,1.2,2000-12-18,1422,Terra,MODIS,73,6.2,301.5,21.7,D,0
-18.0111,-62.1495,315.2,1.5,1.2,2000-12-18,1422,Terra,MODIS,61,6.2,301.8,11.9,D,0
-21.0893,-63.7598,317.5,1.7,1.3,2000-12-18,1423,Terra,MODIS,61,6.2,301.6,16.1,D,2
-21.092,-63.745,322.4,1.7,1.3,2000-12-18,1423,Terra,MODIS,71,6.2,302.5,26.2,D,2
-21.0989,-63.7654,304.6,3.3,1.7,2000-12-19,0233,Terra,MODIS,61,6.2,291.4,33.6,N,2
-17.9517,-61.6006,322.1,2.1,1.4,2000-12-19,0234,Terra,MODIS,100,6.2,292.2,58.3,N,0
-17.951,-61.6071,316.6,2.1,1.4,2000-12-19,0234,Terra,MODIS,94,6.2,292.4,43.8,N,0
-16.7408,-60.9049,302.6,1.8,1.3,2000-12-19,0234,Terra,MODIS,50,6.2,291.3,11.8,N,0
-16.7428,-60.9216,306.8,1.8,1.3,2000-12-19,0234,Terra,MODIS,69,6.2,291.6,17.5,N,0
-16.3618,-59.4557,341,1.4,1.2,2000-12-19,0234,Terra,MODIS,100,6.2,294,72.6,N,0
-16.3634,-59.4685,316.8,1.4,1.2,2000-12-19,0234,Terra,MODIS,94,6.2,291.4,24.3,N,0
-16.3513,-59.457,335.3,1.4,1.2,2000-12-19,0234,Terra,MODIS,100,6.2,292.6,58.3,N,0
-16.3422,-59.5165,304.6,1.4,1.2,2000-12-19,0234,Terra,MODIS,61,6.2,289.9,10.9,N,0
-11.6457,-66.295,313.9,1,1,2000-12-19,1503,Terra,MODIS,54,6.2,300.9,4.4,D,0
-12.4812,-65.6034,315.3,1.1,1,2000-12-19,1504,Terra,MODIS,35,6.2,299.9,6,D,0
-12.7515,-67.5457,320.8,1,1,2000-12-19,1504,Terra,MODIS,67,6.2,306.4,10.1,D,0
-13.8359,-64.7586,315.4,1.2,1.1,2000-12-19,1504,Terra,MODIS,64,6.2,299,8.7,D,0
-16.3376,-59.5031,314.9,3.1,1.7,2000-12-19,1504,Terra,MODIS,66,6.2,299.2,37.8,D,0
-16.1622,-61.178,324.8,2.3,1.5,2000-12-19,1504,Terra,MODIS,79,6.2,301.1,57.9,D,0
-16.3591,-59.4461,315.7,3.2,1.7,2000-12-19,1504,Terra,MODIS,67,6.2,300.2,38.8,D,0
-16.1585,-61.1832,322.7,2.3,1.5,2000-12-19,1505,Terra,MODIS,77,6.2,300.2,50.4,D,0
-16.3357,-59.5083,316.4,3.1,1.7,2000-12-19,1505,Terra,MODIS,64,6.2,299.6,43.8,D,0
-16.3568,-59.4513,316.4,3.2,1.7,2000-12-19,1505,Terra,MODIS,69,6.2,299.9,41.9,D,0
-16.213,-61.0572,310.6,2.4,1.5,2000-12-19,1505,Terra,MODIS,51,6.2,298.5,14,D,0
-17.9704,-61.5824,327,2.3,1.5,2000-12-19,1505,Terra,MODIS,81,6.2,302.2,54.9,D,0
-19.0904,-62.4754,319.5,2,1.4,2000-12-19,1505,Terra,MODIS,55,6.2,308.4,27.7,D,0
-21.0907,-63.7622,316.8,1.7,1.3,2000-12-19,1506,Terra,MODIS,58,6.2,302.9,14.7,D,2
-21.0928,-63.7437,321.1,1.8,1.3,2000-12-19,1506,Terra,MODIS,70,6.2,305.3,23.8,D,2
-19.7856,-62.9515,304.5,1.2,1.1,2000-12-20,0316,Terra,MODIS,60,6.2,291.7,7.8,N,0
-16.7416,-60.9174,300.7,1.8,1.3,2000-12-20,0317,Terra,MODIS,32,6.2,289.3,9.4,N,0
-13.5274,-61.9838,313.3,3,1.7,2000-12-20,1409,Terra,MODIS,61,6.2,296.8,32.2,D,0
-13.5323,-61.9562,316.9,3,1.7,2000-12-20,1409,Terra,MODIS,68,6.2,296.7,47.5,D,0
-13.5312,-61.9632,320.7,3,1.7,2000-12-20,1409,Terra,MODIS,74,6.2,297,64.6,D,0
-14.1775,-61.3768,312,2.6,1.6,2000-12-20,1409,Terra,MODIS,45,6.2,298.2,20.7,D,0
-17.41,-61.0737,319.8,2.2,1.4,2000-12-20,1410,Terra,MODIS,70,6.2,300.7,30.6,D,0
-21.0998,-63.7529,321.4,2.9,1.6,2000-12-20,1411,Terra,MODIS,68,6.2,301.5,45.7,D,2
-21.1008,-63.7595,317.2,2.9,1.6,2000-12-20,1411,Terra,MODIS,49,6.2,301.5,25.1,D,2
-17.6222,-57.81,314.2,1.8,1.3,2000-12-21,0222,Terra,MODIS,89,6.2,295.2,25.4,N,0
-17.6143,-57.7996,307.6,1.8,1.3,2000-12-21,0222,Terra,MODIS,72,6.2,294.9,13.2,N,0
-17.6163,-57.8164,311,1.8,1.3,2000-12-21,0222,Terra,MODIS,82,6.2,295.2,19.7,N,0
-16.3751,-58.5196,304.8,2,1.4,2000-12-21,0222,Terra,MODIS,62,6.2,294.2,11,N,0
-14.1003,-62.0046,330.4,3.4,1.7,2000-12-21,0223,Terra,MODIS,100,6.2,291.8,169,N,0
-14.1019,-61.9783,304,3.3,1.7,2000-12-21,0223,Terra,MODIS,58,6.2,291.5,31.2,N,0
-14.1054,-62.0092,325.7,3.4,1.7,2000-12-21,0223,Terra,MODIS,100,6.2,291.9,136.6,N,0
-11.9336,-65.2846,322.7,1,1,2000-12-21,1451,Terra,MODIS,60,6.2,304.5,11,D,0
-12.6535,-64.3528,320.8,1,1,2000-12-21,1451,Terra,MODIS,72,6.2,299.7,9.8,D,0
-12.6548,-64.3437,327.7,1,1,2000-12-21,1451,Terra,MODIS,80,6.2,299.2,18.2,D,0
-12.9523,-64.7599,318.9,1,1,2000-12-21,1452,Terra,MODIS,66,6.2,300.8,6.9,D,0
-12.9437,-66.6301,326.5,1.1,1.1,2000-12-21,1452,Terra,MODIS,78,6.2,297.4,19.7,D,0
-13.5825,-63.854,321.1,1,1,2000-12-21,1452,Terra,MODIS,73,6.2,296.3,12.5,D,0
-13.4786,-65.7964,318.2,1.1,1,2000-12-21,1452,Terra,MODIS,47,6.2,299.5,7.3,D,0
-13.4881,-65.7842,323.9,1.1,1,2000-12-21,1452,Terra,MODIS,75,6.2,300.3,14.2,D,0
-13.7179,-64.9989,324.2,1,1,2000-12-21,1452,Terra,MODIS,76,6.2,299.7,15.1,D,0
-14.716,-61.1434,320.4,1.3,1.1,2000-12-21,1452,Terra,MODIS,76,6.2,296.7,17.8,D,0
-14.254,-67.2205,349.7,1.2,1.1,2000-12-21,1452,Terra,MODIS,95,6.2,299.5,66.7,D,0
-14.2557,-67.2096,320.6,1.2,1.1,2000-12-21,1452,Terra,MODIS,72,6.2,298.4,10,D,0
-15.6758,-61.4298,312.4,1.3,1.1,2000-12-21,1452,Terra,MODIS,31,6.2,294.8,9.9,D,0
-16.3317,-58.5755,307.2,2.1,1.4,2000-12-21,1452,Terra,MODIS,52,6.2,279.4,15.9,D,0
-17.6112,-57.81,327.2,2.5,1.5,2000-12-21,1453,Terra,MODIS,0,6.2,292,79.4,D,0
-17.2056,-61.878,319.7,1.3,1.1,2000-12-21,1453,Terra,MODIS,53,6.2,299.2,12.4,D,0
-17.7982,-61.5383,358.7,1.4,1.2,2000-12-21,1453,Terra,MODIS,99,6.2,300.6,114.3,D,0
-17.7998,-61.5253,348,1.4,1.2,2000-12-21,1453,Terra,MODIS,94,6.2,301.1,75.3,D,0
-18.1966,-60.3343,318,1.7,1.3,2000-12-21,1453,Terra,MODIS,34,6.2,297,18.2,D,0
-18.4019,-60.5315,328.4,1.6,1.3,2000-12-21,1453,Terra,MODIS,82,6.2,293.7,43.5,D,0
-20.3969,-63.471,322.4,1.2,1.1,2000-12-21,1453,Terra,MODIS,48,6.2,303.6,10.2,D,0
-21.0925,-63.7545,331.9,1.1,1.1,2000-12-21,1454,Terra,MODIS,83,6.2,297.3,26.2,D,2
-21.794,-63.3725,319.3,1.2,1.1,2000-12-21,1454,Terra,MODIS,51,6.2,304.9,8.1,D,0
-21.7956,-63.3608,329.1,1.2,1.1,2000-12-21,1454,Terra,MODIS,80,6.2,304.7,21.1,D,0
-21.9761,-63.458,324.8,1.2,1.1,2000-12-21,1454,Terra,MODIS,53,6.2,307.3,17.2,D,0
-21.844,-63.4036,324.4,1,1,2000-12-22,0304,Terra,MODIS,100,6.2,278.7,24.4,N,0
-21.8454,-63.4137,306.9,1,1,2000-12-22,0304,Terra,MODIS,70,6.2,277,8.8,N,0
-18.6622,-62.6393,304.6,1,1,2000-12-22,0304,Terra,MODIS,61,6.2,291.8,4.5,N,0
-18.6636,-62.6487,303.7,1,1,2000-12-22,0304,Terra,MODIS,56,6.2,291.8,4,N,0
-17.6201,-57.811,311.9,1.7,1.3,2000-12-22,0305,Terra,MODIS,84,6.2,294.2,17.5,N,0
-17.6086,-57.8132,313.9,1.7,1.3,2000-12-22,0305,Terra,MODIS,88,6.2,294.2,21.7,N,0
-17.2982,-61.6825,305,1.1,1,2000-12-22,0305,Terra,MODIS,63,6.2,295,4.8,N,0
-16.1568,-61.1849,300.5,1.1,1.1,2000-12-22,0305,Terra,MODIS,29,6.2,277.2,5.5,N,0
-16.2776,-63.4504,305.1,1,1,2000-12-22,0305,Terra,MODIS,63,6.2,293.3,4.6,N,0
-14.1052,-62.0003,301.4,1.1,1,2000-12-22,0306,Terra,MODIS,40,6.2,277.4,5.8,N,0
-13.039,-65.5863,316.3,1.1,1,2000-12-22,0306,Terra,MODIS,92,6.2,294.8,11.9,N,0
-13.0404,-65.596,310.7,1.1,1,2000-12-22,0306,Terra,MODIS,68,6.2,295,7,N,0
-13.0285,-65.578,309.8,1.1,1,2000-12-22,0306,Terra,MODIS,76,6.2,294.3,6.9,N,0
-13.0298,-65.5877,313.7,1.1,1,2000-12-22,0306,Terra,MODIS,87,6.2,294.3,10.2,N,0
-13.1088,-66.7701,304,1.2,1.1,2000-12-22,0306,Terra,MODIS,55,6.2,293.8,4.9,N,0
-17.6148,-57.7985,326.6,2.1,1.4,2000-12-22,1357,Terra,MODIS,56,6.2,297.1,49.3,D,0
-17.6273,-57.8009,326.1,2.1,1.4,2000-12-22,1357,Terra,MODIS,69,6.2,296.3,46.6,D,0
-11.9957,-66.7161,310.8,3,1.6,2000-12-22,1534,Terra,MODIS,62,6.2,289,34.3,D,0
-14.2239,-66.5013,310.7,3.3,1.7,2000-12-22,1535,Terra,MODIS,64,6.2,289.4,29.6,D,0
-11.7926,-66.2797,317.9,1.8,1.3,2000-12-23,1439,Terra,MODIS,58,6.2,294.8,17.5,D,0
-12.2609,-65.0513,337.5,1.4,1.2,2000-12-23,1439,Terra,MODIS,89,6.2,286.5,55.7,D,0
-13.3521,-64.0673,320.1,1.2,1.1,2000-12-23,1439,Terra,MODIS,70,6.2,297.8,10.8,D,0
-13.3619,-64.0689,318.2,1.2,1.1,2000-12-23,1439,Terra,MODIS,57,6.2,298,8.8,D,0
-14.7645,-61.0791,319.3,1,1,2000-12-23,1440,Terra,MODIS,69,6.2,300.4,7.2,D,0
-14.78,-65.9012,316.8,1.5,1.2,2000-12-23,1440,Terra,MODIS,46,6.2,297.1,14.2,D,0
-16.3511,-59.4603,323.9,1.2,1.1,2000-12-23,1440,Terra,MODIS,75,6.2,299,17,D,0
-16.3526,-59.4495,321,1.2,1.1,2000-12-23,1440,Terra,MODIS,71,6.2,298.3,12.7,D,0
-16.1157,-62.5304,316.4,1,1,2000-12-23,1440,Terra,MODIS,61,6.2,301.1,8.4,D,0
-17.3632,-59.7555,314.5,1.2,1.1,2000-12-23,1440,Terra,MODIS,43,6.2,291.2,8.9,D,0
-17.2745,-61.7256,320.3,1,1,2000-12-23,1440,Terra,MODIS,66,6.2,300.8,9.4,D,0
-17.2876,-61.6988,320.5,1,1,2000-12-23,1440,Terra,MODIS,38,6.2,302.3,8,D,0
-17.3689,-61.3247,323.4,1,1,2000-12-23,1440,Terra,MODIS,72,6.2,302.7,12.1,D,0
-17.5584,-61.6083,322.4,1,1,2000-12-23,1440,Terra,MODIS,46,6.2,301.1,8.8,D,0
-17.8088,-61.5293,328.4,1,1,2000-12-23,1440,Terra,MODIS,72,6.2,303.7,15.1,D,0
-17.8178,-61.5307,332,1,1,2000-12-23,1440,Terra,MODIS,83,6.2,302.4,21.2,D,0
-17.9178,-65.433,320.2,1.2,1.1,2000-12-23,1441,Terra,MODIS,62,6.2,303.7,6.5,D,0
-19.57,-63.9904,316,1,1,2000-12-23,1441,Terra,MODIS,29,6.2,297.4,10.9,D,0
-17.809,-61.5327,308.6,1.1,1,2000-12-24,0252,Terra,MODIS,75,6.2,292.8,7.4,N,0
-17.832,-61.8232,308.6,1.1,1,2000-12-24,0252,Terra,MODIS,75,6.2,291.7,7.7,N,0
-17.6615,-62.61,304.4,1.2,1.1,2000-12-24,0253,Terra,MODIS,19,6.2,289.8,6.9,N,0
-17.3085,-61.5527,322.2,1.1,1,2000-12-24,0253,Terra,MODIS,100,6.2,294,19,N,0
-17.3098,-61.5625,305.2,1.1,1,2000-12-24,0253,Terra,MODIS,30,6.2,292.6,4.3,N,0
-17.2979,-61.5442,305.4,1.1,1,2000-12-24,0253,Terra,MODIS,33,6.2,292.5,4.4,N,0
-17.2993,-61.554,316.3,1.1,1,2000-12-24,0253,Terra,MODIS,93,6.2,293,13.4,N,0
-17.3006,-61.5639,306.9,1.1,1,2000-12-24,0253,Terra,MODIS,66,6.2,292.2,5.5,N,0
-16.7722,-59.1855,311.4,1,1,2000-12-24,0253,Terra,MODIS,81,6.2,292.6,8.4,N,0
-16.7736,-59.1951,321,1,1,2000-12-24,0253,Terra,MODIS,100,6.2,292.2,17.2,N,0
-16.754,-59.1884,312.3,1,1,2000-12-24,0253,Terra,MODIS,83,6.2,292.8,9.1,N,0
-16.3512,-59.45,305.2,1,1,2000-12-24,0253,Terra,MODIS,63,6.2,293.2,4.4,N,0
-16.3525,-59.4595,310.1,1,1,2000-12-24,0253,Terra,MODIS,79,6.2,293.3,7.9,N,0
-14.1023,-61.9988,323.8,1,1,2000-12-24,0253,Terra,MODIS,100,6.2,289.3,22.2,N,0
-12.5863,-66.8989,313.4,1.7,1.3,2000-12-24,1522,Terra,MODIS,49,6.2,295.6,11.8,D,0
-12.5883,-66.8833,324.1,1.7,1.3,2000-12-24,1522,Terra,MODIS,79,6.2,296.1,33,D,0
-14.4577,-66.0927,313.1,2.1,1.4,2000-12-24,1523,Terra,MODIS,25,6.2,294.7,20.9,D,0
-12.685,-64.591,319.5,2.2,1.4,2000-12-25,1427,Terra,MODIS,41,6.2,297.3,25.7,D,0
-16.4453,-63.5579,315.9,1.6,1.2,2000-12-25,1428,Terra,MODIS,31,6.2,293.6,12.4,D,0
-21.0891,-63.7407,302.5,2.5,1.5,2000-12-26,0239,Terra,MODIS,49,6.2,291.9,14.5,N,2
-21.0912,-63.7625,308.3,2.5,1.5,2000-12-26,0239,Terra,MODIS,74,6.2,291.6,28.3,N,2
-21.095,-63.7537,311.8,2.3,1.5,2000-12-26,1512,Terra,MODIS,57,6.2,284.8,23.1,D,2
-17.6152,-57.8072,320.6,1.1,1,2000-12-27,1416,Terra,MODIS,42,6.2,296,13.7,D,0
-20.9278,-63.1895,315.9,2,1.4,2000-12-27,1417,Terra,MODIS,44,6.2,301.1,17.4,D,0
-21.0977,-63.7628,318.6,2.2,1.4,2000-12-27,1417,Terra,MODIS,60,6.2,301.1,23.3,D,2
-21.1013,-63.7438,321.7,2.2,1.4,2000-12-27,1417,Terra,MODIS,68,6.2,301.4,32.8,D,2
-21.0952,-63.7483,311.6,1,1,2000-12-29,0310,Terra,MODIS,83,6.2,289.6,10.2,N,2
-21.0966,-63.7579,319.6,1,1,2000-12-29,0310,Terra,MODIS,99,6.2,290,16.9,N,2
-16.214,-61.0681,303,1.4,1.2,2000-12-29,0311,Terra,MODIS,53,6.2,286.3,8.6,N,0
-12.975,-66.9146,308.1,1,1,2000-12-29,0312,Terra,MODIS,37,6.2,287.1,7.7,N,0
-12.9669,-66.9119,309.6,1,1,2000-12-29,0312,Terra,MODIS,78,6.2,286.8,8.7,N,0
-12.9682,-66.9214,319.5,1,1,2000-12-29,0312,Terra,MODIS,99,6.2,288.1,17,N,0
-12.9212,-66.9186,302.5,1,1,2000-12-29,0312,Terra,MODIS,50,6.2,284.8,4.5,N,0
-12.9225,-66.9281,306.3,1,1,2000-12-29,0312,Terra,MODIS,67,6.2,285.6,6.8,N,0
-16.3731,-58.507,316.7,1.9,1.3,2000-12-29,1403,Terra,MODIS,60,6.2,296.6,16.6,D,0
-17.2317,-58.5881,320.1,1.9,1.3,2000-12-29,1403,Terra,MODIS,70,6.2,296.6,21,D,0
-17.2347,-58.5709,322.5,1.8,1.3,2000-12-29,1403,Terra,MODIS,74,6.2,296.9,25.7,D,0
-17.5179,-61.6081,313.1,3.1,1.7,2000-12-29,1404,Terra,MODIS,61,6.2,283.2,36.5,D,0
-18.8667,-57.8159,319.6,1.5,1.2,2000-12-29,1404,Terra,MODIS,66,6.2,297,15.5,D,0
-17.5144,-58.0309,317.7,1.9,1.3,2000-12-30,1446,Terra,MODIS,51,6.2,284.9,24,D,0
-17.5165,-58.0133,317.4,1.9,1.3,2000-12-30,1446,Terra,MODIS,61,6.2,286.5,22.7,D,0
-17.5265,-58.0324,355,1.9,1.3,2000-12-30,1446,Terra,MODIS,98,6.2,291,169.2,D,0
-17.5285,-58.0147,360.4,1.9,1.3,2000-12-30,1446,Terra,MODIS,100,6.2,289.4,203.4,D,0
-17.6151,-57.8065,312.4,2,1.4,2000-12-30,1446,Terra,MODIS,44,6.2,287.8,17.6,D,0
-17.4624,-61.2023,310.8,1,1,2000-12-31,0259,Terra,MODIS,81,6.2,285.3,10.7,N,0
-17.4637,-61.2117,305.6,1,1,2000-12-31,0259,Terra,MODIS,65,6.2,284.4,7.2,N,0
